-- phpMyAdmin SQL Dump
-- version 5.2.1
-- https://www.phpmyadmin.net/
--
-- Host: 127.0.0.1
-- Generation Time: Nov 18, 2025 at 03:30 PM
-- Server version: 10.4.32-MariaDB
-- PHP Version: 8.1.25

SET SQL_MODE = "NO_AUTO_VALUE_ON_ZERO";
START TRANSACTION;
SET time_zone = "+00:00";


/*!40101 SET @OLD_CHARACTER_SET_CLIENT=@@CHARACTER_SET_CLIENT */;
/*!40101 SET @OLD_CHARACTER_SET_RESULTS=@@CHARACTER_SET_RESULTS */;
/*!40101 SET @OLD_COLLATION_CONNECTION=@@COLLATION_CONNECTION */;
/*!40101 SET NAMES utf8mb4 */;

--
-- Database: `block_sports_center`
--
DROP DATABASE IF EXISTS block_sports_center;
CREATE DATABASE block_sports_center;
USE block_sports_center;

-- --------------------------------------------------------

--
-- Table structure for table `buoilop`
--

CREATE TABLE `buoilop` (
  `MABUOI` int(10) UNSIGNED NOT NULL,
  `MALOP` int(10) UNSIGNED NOT NULL,
  `MAPHONG` int(10) UNSIGNED NOT NULL,
  `MAHLV` int(10) UNSIGNED NOT NULL,
  `BATDAU` datetime NOT NULL,
  `KETTHUC` datetime NOT NULL,
  `SISO` int(10) UNSIGNED NOT NULL,
  `TRANGTHAI` enum('SCHEDULED','ONGOING','DONE','CANCELLED') NOT NULL DEFAULT 'SCHEDULED'
) ENGINE=InnoDB DEFAULT CHARSET=utf8mb4 COLLATE=utf8mb4_general_ci;

--
-- Dumping data for table `buoilop`
--

INSERT INTO `buoilop` (`MABUOI`, `MALOP`, `MAPHONG`, `MAHLV`, `BATDAU`, `KETTHUC`, `SISO`, `TRANGTHAI`) VALUES
(1, 1, 4, 4, '2025-11-20 18:00:00', '2025-11-20 19:00:00', 20, 'SCHEDULED'),
(2, 2, 1, 3, '2025-11-21 19:00:00', '2025-11-21 19:45:00', 18, 'SCHEDULED'),
(3, 3, 3, 11, '2025-11-22 07:00:00', '2025-11-22 08:00:00', 15, 'SCHEDULED'),
(4, 4, 11, 20, '2025-11-19 17:00:00', '2025-11-19 18:30:00', 12, 'SCHEDULED'),
(5, 5, 8, 26, '2025-11-20 16:00:00', '2025-11-20 17:30:00', 20, 'SCHEDULED'),
(6, 6, 32, 27, '2025-11-21 18:00:00', '2025-11-21 19:30:00', 18, 'SCHEDULED'),
(7, 7, 9, 28, '2025-11-22 17:00:00', '2025-11-22 18:30:00', 15, 'SCHEDULED'),
(8, 8, 10, 29, '2025-11-23 08:00:00', '2025-11-23 09:00:00', 10, 'SCHEDULED'),
(9, 1, 4, 15, '2025-11-24 07:00:00', '2025-11-24 08:00:00', 20, 'SCHEDULED'),
(10, 2, 1, 19, '2025-11-25 18:00:00', '2025-11-25 18:45:00', 18, 'SCHEDULED'),
(11, 3, 3, 16, '2025-11-26 06:30:00', '2025-11-26 07:30:00', 15, 'SCHEDULED'),
(12, 1, 7, 32, '2025-11-27 19:00:00', '2025-11-27 20:00:00', 20, 'SCHEDULED'),
(13, 2, 2, 13, '2025-11-28 17:30:00', '2025-11-28 18:15:00', 18, 'SCHEDULED'),
(14, 4, 35, 1, '2025-11-29 16:00:00', '2025-11-29 17:30:00', 12, 'SCHEDULED'),
(15, 5, 31, 26, '2025-11-30 15:00:00', '2025-11-30 16:30:00', 20, 'SCHEDULED'),
(16, 1, 4, 4, '2025-11-19 18:30:00', '2025-11-19 19:30:00', 20, 'SCHEDULED'),
(17, 3, 6, 11, '2025-11-20 07:00:00', '2025-11-20 08:00:00', 15, 'SCHEDULED'),
(18, 6, 32, 27, '2025-11-24 19:00:00', '2025-11-24 20:30:00', 18, 'SCHEDULED'),
(19, 7, 33, 28, '2025-11-25 18:00:00', '2025-11-25 19:30:00', 15, 'SCHEDULED'),
(20, 8, 34, 29, '2025-11-26 19:00:00', '2025-11-26 20:00:00', 10, 'SCHEDULED'),
(21, 1, 7, 15, '2025-10-15 07:00:00', '2025-10-15 08:00:00', 20, 'DONE'),
(22, 2, 1, 3, '2025-10-16 18:00:00', '2025-10-16 18:45:00', 18, 'DONE'),
(23, 3, 3, 11, '2025-10-17 06:30:00', '2025-10-17 07:30:00', 15, 'DONE'),
(24, 4, 11, 1, '2025-10-18 17:00:00', '2025-10-18 18:30:00', 12, 'DONE'),
(25, 5, 8, 26, '2025-10-19 16:00:00', '2025-10-19 17:30:00', 20, 'DONE'),
(26, 1, 4, 4, '2025-10-20 18:00:00', '2025-10-20 19:00:00', 20, 'DONE'),
(27, 2, 2, 13, '2025-10-21 17:30:00', '2025-10-21 18:15:00', 18, 'DONE'),
(28, 3, 30, 16, '2025-10-22 07:00:00', '2025-10-22 08:00:00', 15, 'DONE'),
(29, 6, 32, 27, '2025-10-23 18:00:00', '2025-10-23 19:30:00', 18, 'DONE'),
(30, 7, 9, 28, '2025-10-24 17:00:00', '2025-10-24 18:30:00', 15, 'DONE'),
(31, 1, 7, 32, '2025-09-10 07:00:00', '2025-09-10 08:00:00', 20, 'DONE'),
(32, 2, 1, 19, '2025-09-11 18:00:00', '2025-09-11 18:45:00', 18, 'DONE'),
(33, 3, 3, 11, '2025-09-12 06:30:00', '2025-09-12 07:30:00', 15, 'DONE'),
(34, 4, 11, 20, '2025-09-13 17:00:00', '2025-09-13 18:30:00', 12, 'DONE'),
(35, 5, 31, 26, '2025-09-14 16:00:00', '2025-09-14 17:30:00', 20, 'DONE'),
(36, 1, 4, 15, '2025-09-15 07:00:00', '2025-09-15 08:00:00', 20, 'DONE'),
(37, 6, 32, 27, '2025-09-16 18:00:00', '2025-09-16 19:30:00', 18, 'DONE'),
(38, 7, 9, 28, '2025-09-17 17:00:00', '2025-09-17 18:30:00', 15, 'DONE'),
(39, 8, 10, 29, '2025-09-18 08:00:00', '2025-09-18 09:00:00', 10, 'DONE'),
(40, 2, 2, 13, '2025-09-19 17:30:00', '2025-09-19 18:15:00', 18, 'DONE'),
(41, 1, 4, 4, '2025-08-20 18:00:00', '2025-08-20 19:00:00', 20, 'DONE'),
(42, 3, 6, 16, '2025-08-21 07:00:00', '2025-08-21 08:00:00', 15, 'DONE'),
(43, 5, 8, 26, '2025-08-22 16:00:00', '2025-08-22 17:30:00', 20, 'DONE'),
(44, 4, 35, 1, '2025-08-23 16:00:00', '2025-08-23 17:30:00', 12, 'DONE'),
(45, 6, 32, 27, '2025-08-24 18:00:00', '2025-08-24 19:30:00', 18, 'DONE'),
(46, 1, 7, 32, '2025-07-15 19:00:00', '2025-07-15 20:00:00', 20, 'DONE'),
(47, 2, 1, 3, '2025-07-16 18:00:00', '2025-07-16 18:45:00', 18, 'DONE'),
(48, 3, 3, 11, '2025-07-17 06:30:00', '2025-07-17 07:30:00', 15, 'DONE'),
(49, 7, 33, 28, '2025-07-18 18:00:00', '2025-07-18 19:30:00', 15, 'DONE'),
(50, 8, 34, 29, '2025-07-19 19:00:00', '2025-07-19 20:00:00', 10, 'DONE'),
(51, 1, 4, 15, '2025-12-01 07:00:00', '2025-12-01 08:00:00', 20, 'SCHEDULED'),
(52, 2, 1, 19, '2025-12-02 18:00:00', '2025-12-02 18:45:00', 18, 'SCHEDULED'),
(53, 3, 3, 16, '2025-12-03 06:30:00', '2025-12-03 07:30:00', 15, 'SCHEDULED'),
(54, 4, 11, 20, '2025-12-04 17:00:00', '2025-12-04 18:30:00', 12, 'SCHEDULED'),
(55, 5, 8, 26, '2025-12-05 16:00:00', '2025-12-05 17:30:00', 20, 'SCHEDULED'),
(56, 6, 32, 27, '2025-12-06 18:00:00', '2025-12-06 19:30:00', 18, 'SCHEDULED'),
(57, 7, 9, 28, '2025-12-07 17:00:00', '2025-12-07 18:30:00', 15, 'SCHEDULED'),
(58, 8, 10, 29, '2025-12-08 08:00:00', '2025-12-08 09:00:00', 10, 'SCHEDULED'),
(59, 1, 7, 32, '2025-12-09 19:00:00', '2025-12-09 20:00:00', 20, 'SCHEDULED'),
(60, 2, 2, 13, '2025-12-10 17:30:00', '2025-12-10 18:15:00', 18, 'SCHEDULED'),
(61, 1, 4, 4, '2025-06-15 18:00:00', '2025-06-15 19:00:00', 20, 'DONE'),
(62, 2, 1, 3, '2025-06-16 18:00:00', '2025-06-16 18:45:00', 18, 'DONE'),
(63, 3, 3, 11, '2025-06-17 06:30:00', '2025-06-17 07:30:00', 15, 'DONE');

-- --------------------------------------------------------

--
-- Table structure for table `checkin`
--

CREATE TABLE `checkin` (
  `MACI` int(10) UNSIGNED NOT NULL,
  `MAHV` int(10) UNSIGNED NOT NULL,
  `THOIGIAN` datetime NOT NULL DEFAULT current_timestamp()
) ENGINE=InnoDB DEFAULT CHARSET=utf8mb4 COLLATE=utf8mb4_general_ci;

--
-- Dumping data for table `checkin`
--

INSERT INTO `checkin` (`MACI`, `MAHV`, `THOIGIAN`) VALUES
(1, 1, '2025-11-18 06:30:00'),
(2, 2, '2025-11-18 06:45:00'),
(3, 5, '2025-11-18 07:00:00'),
(4, 6, '2025-11-18 07:15:00'),
(5, 7, '2025-11-18 07:30:00'),
(6, 9, '2025-11-18 08:00:00'),
(7, 10, '2025-11-18 08:30:00'),
(8, 12, '2025-11-18 09:00:00'),
(9, 13, '2025-11-18 09:30:00'),
(10, 14, '2025-11-18 10:00:00'),
(11, 15, '2025-11-18 10:30:00'),
(12, 16, '2025-11-18 11:00:00'),
(13, 17, '2025-11-18 11:30:00'),
(14, 18, '2025-11-18 12:00:00'),
(15, 20, '2025-11-18 12:30:00'),
(16, 21, '2025-11-18 13:00:00'),
(17, 22, '2025-11-18 13:30:00'),
(18, 25, '2025-11-18 14:00:00'),
(19, 1, '2025-11-17 07:00:00'),
(20, 3, '2025-11-17 07:30:00'),
(21, 4, '2025-11-17 08:00:00'),
(22, 8, '2025-11-17 08:30:00'),
(23, 11, '2025-11-17 09:00:00'),
(24, 15, '2025-11-17 09:30:00'),
(25, 16, '2025-11-17 10:00:00'),
(26, 17, '2025-11-17 10:30:00'),
(27, 19, '2025-11-17 14:00:00'),
(28, 21, '2025-11-17 14:30:00'),
(29, 22, '2025-11-17 15:00:00'),
(30, 25, '2025-11-17 15:30:00'),
(31, 26, '2025-11-17 16:00:00'),
(32, 28, '2025-11-17 17:00:00'),
(33, 30, '2025-11-17 18:00:00'),
(34, 32, '2025-11-17 18:30:00'),
(35, 35, '2025-11-17 19:00:00'),
(36, 38, '2025-11-17 19:30:00'),
(37, 2, '2025-11-16 07:00:00'),
(38, 5, '2025-11-16 07:45:00'),
(39, 12, '2025-11-16 08:30:00'),
(40, 20, '2025-11-16 09:00:00'),
(41, 21, '2025-11-16 10:15:00'),
(42, 23, '2025-11-16 11:00:00'),
(43, 24, '2025-11-16 13:45:00'),
(44, 27, '2025-11-16 14:30:00'),
(45, 29, '2025-11-16 15:15:00'),
(46, 31, '2025-11-16 16:30:00'),
(47, 32, '2025-11-16 17:00:00'),
(48, 35, '2025-11-16 17:45:00'),
(49, 36, '2025-11-16 18:15:00'),
(50, 38, '2025-11-16 19:00:00'),
(51, 40, '2025-11-16 19:45:00'),
(52, 1, '2025-11-15 07:30:00'),
(53, 6, '2025-11-15 08:00:00'),
(54, 10, '2025-11-15 08:45:00'),
(55, 13, '2025-11-15 09:30:00'),
(56, 14, '2025-11-15 10:00:00'),
(57, 18, '2025-11-15 11:15:00'),
(58, 33, '2025-11-15 14:00:00'),
(59, 34, '2025-11-15 14:30:00'),
(60, 37, '2025-11-15 15:45:00'),
(61, 39, '2025-11-15 16:30:00'),
(62, 41, '2025-11-15 17:00:00'),
(63, 42, '2025-11-15 18:00:00'),
(64, 45, '2025-11-15 18:45:00'),
(65, 48, '2025-11-15 19:15:00'),
(66, 50, '2025-11-15 19:45:00'),
(67, 3, '2025-11-14 07:00:00'),
(68, 7, '2025-11-14 07:30:00'),
(69, 9, '2025-11-14 08:15:00'),
(70, 15, '2025-11-14 09:00:00'),
(71, 22, '2025-11-14 10:00:00'),
(72, 43, '2025-11-14 13:30:00'),
(73, 44, '2025-11-14 14:00:00'),
(74, 46, '2025-11-14 15:00:00'),
(75, 47, '2025-11-14 16:00:00'),
(76, 49, '2025-11-14 17:00:00'),
(77, 51, '2025-11-14 18:00:00'),
(78, 52, '2025-11-14 18:30:00'),
(79, 55, '2025-11-14 19:00:00'),
(80, 57, '2025-11-14 19:30:00'),
(81, 60, '2025-11-14 20:00:00'),
(82, 2, '2025-11-13 07:15:00'),
(83, 4, '2025-11-13 08:00:00'),
(84, 8, '2025-11-13 08:30:00'),
(85, 16, '2025-11-13 09:45:00'),
(86, 17, '2025-11-13 10:30:00'),
(87, 53, '2025-11-13 14:15:00'),
(88, 54, '2025-11-13 15:00:00'),
(89, 56, '2025-11-13 16:00:00'),
(90, 58, '2025-11-13 17:00:00'),
(91, 59, '2025-11-13 18:00:00'),
(92, 62, '2025-11-13 18:45:00'),
(93, 65, '2025-11-13 19:15:00'),
(94, 68, '2025-11-13 19:45:00'),
(95, 70, '2025-11-13 20:00:00'),
(96, 72, '2025-11-13 20:15:00'),
(97, 1, '2025-11-12 07:00:00'),
(98, 5, '2025-11-12 07:45:00'),
(99, 11, '2025-11-12 08:30:00'),
(100, 19, '2025-11-12 09:15:00'),
(101, 25, '2025-11-12 10:00:00'),
(102, 61, '2025-11-12 13:45:00'),
(103, 63, '2025-11-12 14:30:00'),
(104, 64, '2025-11-12 15:15:00'),
(105, 66, '2025-11-12 16:00:00'),
(106, 67, '2025-11-12 17:00:00'),
(107, 69, '2025-11-12 18:00:00'),
(108, 71, '2025-11-12 18:45:00'),
(109, 73, '2025-11-12 19:30:00'),
(110, 75, '2025-11-12 19:45:00'),
(111, 78, '2025-11-12 20:00:00'),
(112, 6, '2025-11-11 07:30:00'),
(113, 12, '2025-11-11 08:15:00'),
(114, 20, '2025-11-11 09:00:00'),
(115, 26, '2025-11-11 10:00:00'),
(116, 30, '2025-11-11 11:15:00'),
(117, 74, '2025-11-11 14:00:00'),
(118, 76, '2025-11-11 15:00:00'),
(119, 77, '2025-11-11 16:00:00'),
(120, 79, '2025-11-11 17:00:00'),
(121, 80, '2025-11-11 18:15:00'),
(122, 82, '2025-11-11 18:45:00'),
(123, 85, '2025-11-11 19:30:00'),
(124, 87, '2025-11-11 19:45:00'),
(125, 90, '2025-11-11 20:00:00'),
(126, 92, '2025-11-11 20:15:00'),
(127, 3, '2025-11-10 07:00:00'),
(128, 7, '2025-11-10 08:00:00'),
(129, 13, '2025-11-10 08:45:00'),
(130, 21, '2025-11-10 09:30:00'),
(131, 27, '2025-11-10 10:45:00'),
(132, 81, '2025-11-10 14:15:00'),
(133, 83, '2025-11-10 15:00:00'),
(134, 84, '2025-11-10 16:00:00'),
(135, 86, '2025-11-10 17:00:00'),
(136, 88, '2025-11-10 18:00:00'),
(137, 89, '2025-11-10 18:30:00'),
(138, 91, '2025-11-10 19:15:00'),
(139, 93, '2025-11-10 19:45:00'),
(140, 95, '2025-11-10 20:00:00'),
(141, 98, '2025-11-10 20:15:00'),
(142, 1, '2025-11-09 07:15:00'),
(143, 9, '2025-11-09 08:00:00'),
(144, 14, '2025-11-09 08:30:00'),
(145, 22, '2025-11-09 09:45:00'),
(146, 28, '2025-11-09 11:00:00'),
(147, 94, '2025-11-09 14:00:00'),
(148, 96, '2025-11-09 15:15:00'),
(149, 97, '2025-11-09 16:00:00'),
(150, 99, '2025-11-09 17:00:00'),
(151, 100, '2025-11-09 18:00:00'),
(152, 101, '2025-11-09 18:45:00'),
(153, 102, '2025-11-09 19:30:00'),
(154, 103, '2025-11-09 19:45:00'),
(155, 112, '2025-11-09 20:00:00'),
(156, 113, '2025-11-09 20:15:00'),
(157, 2, '2025-11-08 07:00:00'),
(158, 10, '2025-11-08 07:45:00'),
(159, 15, '2025-11-08 08:15:00'),
(160, 23, '2025-11-08 09:30:00'),
(161, 29, '2025-11-08 10:15:00'),
(162, 114, '2025-11-08 13:45:00'),
(163, 115, '2025-11-08 14:30:00'),
(164, 116, '2025-11-08 15:15:00'),
(165, 117, '2025-11-08 16:00:00'),
(166, 118, '2025-11-08 17:00:00'),
(167, 119, '2025-11-08 18:00:00'),
(168, 120, '2025-11-08 18:45:00'),
(169, 121, '2025-11-08 19:30:00'),
(170, 122, '2025-11-08 19:45:00'),
(171, 123, '2025-11-08 20:00:00'),
(172, 4, '2025-11-07 07:30:00'),
(173, 11, '2025-11-07 08:00:00'),
(174, 16, '2025-11-07 08:45:00'),
(175, 24, '2025-11-07 10:00:00'),
(176, 31, '2025-11-07 11:15:00'),
(177, 124, '2025-11-07 14:00:00'),
(178, 125, '2025-11-07 15:00:00'),
(179, 126, '2025-11-07 16:00:00'),
(180, 127, '2025-11-07 17:00:00'),
(181, 128, '2025-11-07 18:15:00'),
(182, 129, '2025-11-07 18:45:00'),
(183, 130, '2025-11-07 19:30:00'),
(184, 131, '2025-11-07 19:45:00'),
(185, 132, '2025-11-07 20:00:00'),
(186, 133, '2025-11-07 20:15:00'),
(187, 5, '2025-11-06 07:00:00'),
(188, 12, '2025-11-06 07:45:00'),
(189, 17, '2025-11-06 08:30:00'),
(190, 25, '2025-11-06 09:15:00'),
(191, 32, '2025-11-06 10:30:00'),
(192, 134, '2025-11-06 14:15:00'),
(193, 135, '2025-11-06 15:00:00'),
(194, 136, '2025-11-06 16:00:00'),
(195, 137, '2025-11-06 17:00:00'),
(196, 138, '2025-11-06 18:00:00'),
(197, 139, '2025-11-06 18:30:00'),
(198, 140, '2025-11-06 19:15:00'),
(199, 141, '2025-11-06 19:45:00'),
(200, 142, '2025-11-06 20:00:00'),
(201, 143, '2025-11-06 20:15:00'),
(202, 6, '2025-11-05 07:15:00'),
(203, 13, '2025-11-05 08:00:00'),
(204, 18, '2025-11-05 08:45:00'),
(205, 26, '2025-11-05 09:30:00'),
(206, 33, '2025-11-05 11:00:00'),
(207, 144, '2025-11-05 14:00:00'),
(208, 145, '2025-11-05 15:15:00'),
(209, 146, '2025-11-05 16:00:00'),
(210, 147, '2025-11-05 17:00:00'),
(211, 148, '2025-11-05 18:00:00'),
(212, 149, '2025-11-05 18:45:00'),
(213, 150, '2025-11-05 19:30:00'),
(214, 151, '2025-11-05 19:45:00'),
(215, 152, '2025-11-05 20:00:00'),
(216, 153, '2025-11-05 20:15:00'),
(217, 7, '2025-11-04 07:00:00'),
(218, 14, '2025-11-04 07:45:00'),
(219, 19, '2025-11-04 08:30:00'),
(220, 27, '2025-11-04 09:15:00'),
(221, 34, '2025-11-04 10:30:00'),
(222, 154, '2025-11-04 14:15:00'),
(223, 155, '2025-11-04 15:00:00'),
(224, 156, '2025-11-04 16:00:00'),
(225, 157, '2025-11-04 17:00:00'),
(226, 158, '2025-11-04 18:00:00'),
(227, 159, '2025-11-04 18:30:00'),
(228, 160, '2025-11-04 19:15:00'),
(229, 38, '2025-11-04 19:45:00'),
(230, 40, '2025-11-04 20:00:00'),
(231, 42, '2025-11-04 20:15:00'),
(232, 8, '2025-11-03 07:30:00'),
(233, 15, '2025-11-03 08:00:00'),
(234, 20, '2025-11-03 08:45:00'),
(235, 28, '2025-11-03 10:00:00'),
(236, 35, '2025-11-03 11:15:00'),
(237, 43, '2025-11-03 14:00:00'),
(238, 44, '2025-11-03 15:00:00'),
(239, 45, '2025-11-03 16:00:00'),
(240, 46, '2025-11-03 17:00:00'),
(241, 47, '2025-11-03 18:15:00'),
(242, 48, '2025-11-03 18:45:00'),
(243, 49, '2025-11-03 19:30:00'),
(244, 50, '2025-11-03 19:45:00'),
(245, 51, '2025-11-03 20:00:00'),
(246, 52, '2025-11-03 20:15:00'),
(247, 1, '2025-11-02 07:00:00'),
(248, 9, '2025-11-02 07:45:00'),
(249, 16, '2025-11-02 08:30:00'),
(250, 21, '2025-11-02 09:15:00'),
(251, 29, '2025-11-02 10:30:00'),
(252, 53, '2025-11-02 14:15:00'),
(253, 54, '2025-11-02 15:00:00'),
(254, 55, '2025-11-02 16:00:00'),
(255, 56, '2025-11-02 17:00:00'),
(256, 57, '2025-11-02 18:00:00'),
(257, 58, '2025-11-02 18:30:00'),
(258, 59, '2025-11-02 19:15:00'),
(259, 60, '2025-11-02 19:45:00'),
(260, 61, '2025-11-02 20:00:00'),
(261, 62, '2025-11-02 20:15:00'),
(262, 2, '2025-11-01 07:15:00'),
(263, 10, '2025-11-01 08:00:00'),
(264, 17, '2025-11-01 08:45:00'),
(265, 22, '2025-11-01 09:30:00'),
(266, 30, '2025-11-01 11:00:00'),
(267, 63, '2025-11-01 14:00:00'),
(268, 64, '2025-11-01 15:15:00'),
(269, 65, '2025-11-01 16:00:00'),
(270, 66, '2025-11-01 17:00:00'),
(271, 67, '2025-11-01 18:00:00'),
(272, 68, '2025-11-01 18:45:00'),
(273, 69, '2025-11-01 19:30:00'),
(274, 70, '2025-11-01 19:45:00'),
(275, 71, '2025-11-01 20:00:00'),
(276, 72, '2025-11-01 20:15:00'),
(277, 3, '2025-10-31 07:00:00'),
(278, 11, '2025-10-31 08:00:00'),
(279, 18, '2025-10-31 09:00:00'),
(280, 23, '2025-10-31 10:00:00'),
(281, 31, '2025-10-31 14:00:00'),
(282, 73, '2025-10-30 07:30:00'),
(283, 74, '2025-10-30 08:45:00'),
(284, 75, '2025-10-30 10:00:00'),
(285, 76, '2025-10-30 11:15:00'),
(286, 77, '2025-10-30 14:30:00'),
(287, 78, '2025-10-29 07:00:00'),
(288, 79, '2025-10-29 08:15:00'),
(289, 80, '2025-10-29 09:30:00'),
(290, 81, '2025-10-29 10:45:00'),
(291, 82, '2025-10-29 14:00:00'),
(292, 83, '2025-10-28 07:15:00'),
(293, 84, '2025-10-28 08:30:00'),
(294, 85, '2025-10-28 09:45:00'),
(295, 86, '2025-10-28 11:00:00'),
(296, 87, '2025-10-28 14:15:00'),
(297, 88, '2025-10-27 07:00:00'),
(298, 89, '2025-10-27 08:00:00'),
(299, 90, '2025-10-27 09:00:00'),
(300, 91, '2025-10-27 10:00:00');

-- --------------------------------------------------------

--
-- Table structure for table `dangky_lop`
--

CREATE TABLE `dangky_lop` (
  `MADK` int(10) UNSIGNED NOT NULL,
  `MABUOI` int(10) UNSIGNED NOT NULL,
  `MAHV` int(10) UNSIGNED NOT NULL,
  `NGAYDK` datetime NOT NULL DEFAULT current_timestamp(),
  `TRANGTHAI` enum('BOOKED','ATTENDED','NO_SHOW','CANCELLED') NOT NULL DEFAULT 'BOOKED'
) ENGINE=InnoDB DEFAULT CHARSET=utf8mb4 COLLATE=utf8mb4_general_ci;

--
-- Dumping data for table `dangky_lop`
--

INSERT INTO `dangky_lop` (`MADK`, `MABUOI`, `MAHV`, `NGAYDK`, `TRANGTHAI`) VALUES
(1, 21, 1, '2025-10-10 08:00:00', 'ATTENDED'),
(2, 21, 2, '2025-10-10 09:30:00', 'ATTENDED'),
(3, 21, 5, '2025-10-11 10:00:00', 'ATTENDED'),
(4, 22, 3, '2025-10-12 08:30:00', 'ATTENDED'),
(5, 22, 4, '2025-10-12 11:00:00', 'ATTENDED'),
(6, 22, 6, '2025-10-13 07:45:00', 'NO_SHOW'),
(7, 23, 7, '2025-10-14 09:00:00', 'ATTENDED'),
(8, 23, 8, '2025-10-14 10:30:00', 'ATTENDED'),
(9, 24, 9, '2025-10-15 08:15:00', 'ATTENDED'),
(10, 24, 10, '2025-10-15 12:00:00', 'ATTENDED'),
(11, 25, 12, '2025-10-16 07:30:00', 'ATTENDED'),
(12, 25, 13, '2025-10-16 13:00:00', 'ATTENDED'),
(13, 26, 14, '2025-10-17 08:45:00', 'ATTENDED'),
(14, 26, 15, '2025-10-17 10:00:00', 'ATTENDED'),
(15, 27, 16, '2025-10-18 09:15:00', 'ATTENDED'),
(16, 27, 17, '2025-10-18 11:30:00', 'ATTENDED'),
(17, 28, 18, '2025-10-19 08:00:00', 'ATTENDED'),
(18, 28, 19, '2025-10-19 14:00:00', 'NO_SHOW'),
(19, 29, 20, '2025-10-20 07:45:00', 'ATTENDED'),
(20, 29, 21, '2025-10-20 10:15:00', 'ATTENDED'),
(21, 30, 22, '2025-10-21 09:30:00', 'ATTENDED'),
(22, 31, 23, '2025-09-05 08:00:00', 'ATTENDED'),
(23, 31, 24, '2025-09-05 09:00:00', 'ATTENDED'),
(24, 32, 25, '2025-09-06 10:00:00', 'ATTENDED'),
(25, 32, 26, '2025-09-06 11:00:00', 'ATTENDED'),
(26, 33, 27, '2025-09-07 08:30:00', 'ATTENDED'),
(27, 34, 28, '2025-09-08 09:45:00', 'ATTENDED'),
(28, 34, 29, '2025-09-08 12:00:00', 'NO_SHOW'),
(29, 35, 30, '2025-09-09 07:15:00', 'ATTENDED'),
(30, 35, 31, '2025-09-09 13:30:00', 'ATTENDED'),
(31, 36, 32, '2025-09-10 08:00:00', 'ATTENDED'),
(32, 36, 33, '2025-09-10 10:30:00', 'ATTENDED'),
(33, 37, 34, '2025-09-11 09:00:00', 'ATTENDED'),
(34, 37, 35, '2025-09-11 11:15:00', 'ATTENDED'),
(35, 38, 36, '2025-09-12 08:45:00', 'ATTENDED'),
(36, 38, 37, '2025-09-12 14:00:00', 'ATTENDED'),
(37, 39, 38, '2025-09-13 07:30:00', 'ATTENDED'),
(38, 40, 39, '2025-09-14 09:15:00', 'ATTENDED'),
(39, 40, 40, '2025-09-14 10:45:00', 'ATTENDED'),
(40, 41, 41, '2025-08-15 08:00:00', 'ATTENDED'),
(41, 41, 42, '2025-08-15 12:30:00', 'ATTENDED'),
(42, 42, 43, '2025-08-16 09:00:00', 'ATTENDED'),
(43, 42, 44, '2025-08-16 10:00:00', 'ATTENDED'),
(44, 43, 45, '2025-08-17 08:30:00', 'ATTENDED'),
(45, 43, 46, '2025-08-17 13:00:00', 'ATTENDED'),
(46, 44, 47, '2025-08-18 09:30:00', 'ATTENDED'),
(47, 45, 48, '2025-08-19 08:15:00', 'ATTENDED'),
(48, 45, 49, '2025-08-19 11:00:00', 'ATTENDED'),
(49, 46, 50, '2025-07-10 07:45:00', 'ATTENDED'),
(50, 46, 51, '2025-07-10 14:30:00', 'ATTENDED'),
(51, 47, 52, '2025-07-11 08:00:00', 'ATTENDED'),
(52, 47, 53, '2025-07-11 10:15:00', 'ATTENDED'),
(53, 48, 54, '2025-07-12 09:00:00', 'ATTENDED'),
(54, 49, 55, '2025-07-13 08:30:00', 'ATTENDED'),
(55, 49, 56, '2025-07-13 12:00:00', 'NO_SHOW'),
(56, 50, 57, '2025-07-14 09:15:00', 'ATTENDED'),
(57, 1, 1, '2025-11-18 08:00:00', 'BOOKED'),
(58, 1, 5, '2025-11-18 09:30:00', 'BOOKED'),
(59, 1, 9, '2025-11-18 10:15:00', 'BOOKED'),
(60, 2, 2, '2025-11-18 11:00:00', 'BOOKED'),
(61, 2, 6, '2025-11-18 13:45:00', 'BOOKED'),
(62, 3, 7, '2025-11-19 08:30:00', 'BOOKED'),
(63, 3, 11, '2025-11-19 09:00:00', 'BOOKED'),
(64, 4, 12, '2025-11-19 10:30:00', 'BOOKED'),
(65, 4, 20, '2025-11-19 14:00:00', 'BOOKED'),
(66, 5, 15, '2025-11-19 08:00:00', 'BOOKED'),
(67, 5, 25, '2025-11-19 11:30:00', 'BOOKED'),
(68, 6, 30, '2025-11-20 09:00:00', 'BOOKED'),
(69, 6, 35, '2025-11-20 12:15:00', 'BOOKED'),
(70, 7, 40, '2025-11-20 08:45:00', 'BOOKED'),
(71, 8, 45, '2025-11-21 10:00:00', 'BOOKED'),
(72, 8, 50, '2025-11-21 13:30:00', 'BOOKED'),
(73, 9, 55, '2025-11-22 08:30:00', 'BOOKED'),
(74, 10, 60, '2025-11-23 09:15:00', 'BOOKED'),
(75, 11, 65, '2025-11-24 10:45:00', 'BOOKED'),
(76, 12, 70, '2025-11-25 08:00:00', 'BOOKED'),
(77, 13, 75, '2025-11-26 11:30:00', 'BOOKED'),
(78, 14, 80, '2025-11-27 09:45:00', 'BOOKED'),
(79, 15, 85, '2025-11-28 12:00:00', 'BOOKED'),
(80, 16, 90, '2025-11-18 14:30:00', 'BOOKED'),
(81, 17, 95, '2025-11-18 15:45:00', 'BOOKED'),
(82, 18, 100, '2025-11-19 08:15:00', 'BOOKED'),
(83, 19, 52, '2025-11-23 09:30:00', 'BOOKED'),
(84, 20, 58, '2025-11-24 10:00:00', 'BOOKED'),
(85, 21, 62, '2025-10-10 07:30:00', 'ATTENDED'),
(86, 22, 68, '2025-10-11 08:45:00', 'ATTENDED'),
(87, 23, 72, '2025-10-12 09:00:00', 'ATTENDED'),
(88, 24, 78, '2025-10-13 10:15:00', 'ATTENDED'),
(89, 25, 82, '2025-10-14 11:30:00', 'ATTENDED'),
(90, 26, 88, '2025-10-15 08:00:00', 'ATTENDED'),
(91, 27, 92, '2025-10-16 12:45:00', 'ATTENDED'),
(92, 28, 98, '2025-10-17 09:30:00', 'ATTENDED'),
(93, 29, 42, '2025-10-18 10:00:00', 'ATTENDED'),
(94, 30, 47, '2025-10-19 11:15:00', 'ATTENDED'),
(95, 31, 53, '2025-09-01 08:30:00', 'ATTENDED'),
(96, 32, 59, '2025-09-02 09:45:00', 'ATTENDED'),
(97, 33, 63, '2025-09-03 10:30:00', 'ATTENDED'),
(98, 34, 69, '2025-09-04 11:00:00', 'ATTENDED'),
(99, 35, 73, '2025-09-05 08:15:00', 'ATTENDED'),
(100, 36, 79, '2025-09-06 13:00:00', 'ATTENDED'),
(101, 37, 83, '2025-09-07 09:00:00', 'ATTENDED'),
(102, 38, 89, '2025-09-08 10:45:00', 'ATTENDED'),
(103, 39, 93, '2025-09-09 08:30:00', 'ATTENDED'),
(104, 40, 99, '2025-09-10 12:15:00', 'ATTENDED'),
(105, 41, 101, '2025-08-11 09:30:00', 'ATTENDED'),
(106, 42, 65, '2025-08-12 10:00:00', 'ATTENDED'),
(107, 43, 71, '2025-08-13 11:15:00', 'ATTENDED'),
(108, 44, 77, '2025-08-14 08:45:00', 'ATTENDED'),
(109, 45, 81, '2025-08-15 13:30:00', 'ATTENDED'),
(110, 46, 87, '2025-07-05 09:00:00', 'ATTENDED'),
(111, 47, 91, '2025-07-06 10:30:00', 'ATTENDED'),
(112, 48, 97, '2025-07-07 08:15:00', 'ATTENDED'),
(113, 49, 41, '2025-07-08 12:00:00', 'ATTENDED'),
(114, 50, 46, '2025-07-09 09:45:00', 'ATTENDED'),
(115, 21, 60, '2025-10-10 11:30:00', 'ATTENDED'),
(116, 22, 66, '2025-10-11 13:00:00', 'ATTENDED'),
(117, 23, 70, '2025-10-12 08:45:00', 'ATTENDED'),
(118, 24, 76, '2025-10-13 14:15:00', 'ATTENDED'),
(119, 25, 80, '2025-10-14 09:30:00', 'ATTENDED'),
(120, 26, 86, '2025-10-15 10:45:00', 'ATTENDED'),
(121, 27, 90, '2025-10-16 11:00:00', 'ATTENDED'),
(122, 28, 96, '2025-10-17 12:30:00', 'ATTENDED'),
(123, 29, 43, '2025-10-18 08:00:00', 'ATTENDED'),
(124, 30, 49, '2025-10-19 13:45:00', 'ATTENDED'),
(125, 51, 12, '2025-11-29 08:00:00', 'BOOKED'),
(126, 51, 18, '2025-11-29 09:30:00', 'BOOKED'),
(127, 52, 24, '2025-11-30 10:15:00', 'BOOKED'),
(128, 52, 29, '2025-11-30 11:45:00', 'BOOKED'),
(129, 53, 34, '2025-12-01 08:30:00', 'BOOKED'),
(130, 53, 38, '2025-12-01 09:00:00', 'BOOKED'),
(131, 1, 13, '2025-11-18 14:00:00', 'BOOKED'),
(132, 2, 17, '2025-11-18 15:30:00', 'BOOKED'),
(133, 3, 21, '2025-11-19 10:00:00', 'BOOKED'),
(134, 4, 26, '2025-11-19 11:30:00', 'BOOKED'),
(135, 5, 31, '2025-11-19 13:00:00', 'BOOKED'),
(136, 6, 36, '2025-11-20 08:30:00', 'BOOKED'),
(137, 7, 41, '2025-11-20 10:00:00', 'BOOKED'),
(138, 8, 48, '2025-11-21 11:30:00', 'BOOKED'),
(139, 9, 54, '2025-11-22 09:00:00', 'BOOKED'),
(140, 10, 61, '2025-11-23 10:30:00', 'BOOKED'),
(141, 11, 67, '2025-11-24 08:45:00', 'BOOKED'),
(142, 12, 73, '2025-11-25 12:15:00', 'BOOKED'),
(143, 13, 79, '2025-11-26 09:30:00', 'BOOKED'),
(144, 14, 84, '2025-11-27 11:00:00', 'BOOKED'),
(145, 15, 89, '2025-11-28 13:30:00', 'BOOKED'),
(146, 16, 94, '2025-11-18 16:00:00', 'BOOKED'),
(147, 17, 102, '2025-11-18 08:45:00', 'BOOKED'),
(148, 18, 56, '2025-11-19 12:30:00', 'BOOKED'),
(149, 19, 64, '2025-11-23 14:00:00', 'BOOKED'),
(150, 20, 74, '2025-11-24 15:30:00', 'BOOKED'),
(151, 61, 14, '2025-06-10 08:00:00', 'ATTENDED'),
(152, 61, 16, '2025-06-10 09:30:00', 'ATTENDED'),
(153, 62, 22, '2025-06-11 10:00:00', 'ATTENDED'),
(154, 62, 28, '2025-06-11 11:30:00', 'ATTENDED'),
(155, 63, 32, '2025-06-12 08:15:00', 'ATTENDED'),
(156, 63, 39, '2025-06-12 09:45:00', 'ATTENDED'),
(157, 54, 51, '2025-12-02 10:00:00', 'BOOKED'),
(158, 54, 57, '2025-12-02 11:30:00', 'BOOKED'),
(159, 55, 63, '2025-12-03 09:00:00', 'BOOKED'),
(160, 55, 69, '2025-12-03 10:30:00', 'BOOKED'),
(161, 56, 75, '2025-12-04 08:30:00', 'BOOKED'),
(162, 56, 81, '2025-12-04 10:00:00', 'BOOKED'),
(163, 57, 87, '2025-12-05 09:15:00', 'BOOKED'),
(164, 57, 93, '2025-12-05 10:45:00', 'BOOKED'),
(165, 58, 99, '2025-12-06 08:00:00', 'BOOKED'),
(166, 58, 102, '2025-12-06 09:30:00', 'BOOKED'),
(167, 59, 103, '2025-12-07 10:00:00', 'BOOKED'),
(168, 59, 112, '2025-12-07 11:30:00', 'BOOKED'),
(169, 60, 114, '2025-12-08 09:00:00', 'BOOKED'),
(170, 60, 120, '2025-12-08 10:30:00', 'BOOKED'),
(171, 31, 115, '2025-09-01 09:00:00', 'ATTENDED'),
(172, 32, 117, '2025-09-02 10:30:00', 'ATTENDED'),
(173, 33, 119, '2025-09-03 08:45:00', 'ATTENDED'),
(174, 34, 121, '2025-09-04 12:00:00', 'ATTENDED'),
(175, 35, 123, '2025-09-05 09:30:00', 'ATTENDED'),
(176, 36, 125, '2025-09-06 11:00:00', 'ATTENDED'),
(177, 37, 127, '2025-09-07 10:15:00', 'ATTENDED'),
(178, 38, 129, '2025-09-08 09:00:00', 'ATTENDED'),
(179, 39, 131, '2025-09-09 08:30:00', 'ATTENDED'),
(180, 40, 133, '2025-09-10 13:00:00', 'ATTENDED'),
(181, 41, 135, '2025-08-11 10:45:00', 'ATTENDED'),
(182, 42, 137, '2025-08-12 09:15:00', 'ATTENDED'),
(183, 43, 139, '2025-08-13 12:30:00', 'ATTENDED'),
(184, 44, 141, '2025-08-14 10:00:00', 'ATTENDED'),
(185, 45, 143, '2025-08-15 14:15:00', 'ATTENDED'),
(186, 46, 145, '2025-07-05 09:45:00', 'ATTENDED'),
(187, 47, 147, '2025-07-06 11:15:00', 'ATTENDED'),
(188, 48, 149, '2025-07-07 08:45:00', 'ATTENDED'),
(189, 49, 151, '2025-07-08 13:30:00', 'ATTENDED'),
(190, 50, 153, '2025-07-09 10:30:00', 'ATTENDED'),
(191, 21, 155, '2025-10-10 12:00:00', 'ATTENDED'),
(192, 22, 157, '2025-10-11 14:30:00', 'ATTENDED'),
(193, 23, 159, '2025-10-12 09:30:00', 'ATTENDED'),
(194, 24, 104, '2025-10-13 15:00:00', 'ATTENDED'),
(195, 25, 106, '2025-10-14 10:00:00', 'ATTENDED'),
(196, 26, 108, '2025-10-15 11:30:00', 'ATTENDED'),
(197, 27, 110, '2025-10-16 11:45:00', 'ATTENDED'),
(198, 28, 113, '2025-10-17 13:00:00', 'ATTENDED'),
(199, 29, 116, '2025-10-18 08:30:00', 'ATTENDED'),
(200, 30, 118, '2025-10-19 14:30:00', 'ATTENDED');

-- --------------------------------------------------------

--
-- Table structure for table `datphong`
--

CREATE TABLE `datphong` (
  `MADP` int(10) UNSIGNED NOT NULL,
  `MAPHONG` int(10) UNSIGNED NOT NULL,
  `MAHV` int(10) UNSIGNED DEFAULT NULL,
  `BATDAU` datetime NOT NULL,
  `KETTHUC` datetime NOT NULL,
  `MUCTIEU` enum('TAP_TU_DO','CLB','GIU_CHO_SU_KIEN','KHAC') NOT NULL DEFAULT 'TAP_TU_DO',
  `TRANGTHAI` enum('PENDING','CONFIRMED','CANCELLED','DONE') NOT NULL DEFAULT 'PENDING'
) ENGINE=InnoDB DEFAULT CHARSET=utf8mb4 COLLATE=utf8mb4_general_ci;

--
-- Dumping data for table `datphong`
--

INSERT INTO `datphong` (`MADP`, `MAPHONG`, `MAHV`, `BATDAU`, `KETTHUC`, `MUCTIEU`, `TRANGTHAI`) VALUES
(1, 1, 1, '2025-10-01 14:00:00', '2025-10-01 15:30:00', 'TAP_TU_DO', 'DONE'),
(2, 2, 5, '2025-10-01 15:00:00', '2025-10-01 16:30:00', 'TAP_TU_DO', 'DONE'),
(3, 5, 12, '2025-10-02 16:00:00', '2025-10-02 17:30:00', 'TAP_TU_DO', 'DONE'),
(4, 1, 15, '2025-10-02 14:30:00', '2025-10-02 16:00:00', 'TAP_TU_DO', 'DONE'),
(5, 2, 20, '2025-10-03 15:30:00', '2025-10-03 17:00:00', 'TAP_TU_DO', 'DONE'),
(6, 3, 25, '2025-10-03 09:00:00', '2025-10-03 10:30:00', 'TAP_TU_DO', 'DONE'),
(7, 6, 30, '2025-10-04 10:00:00', '2025-10-04 11:30:00', 'TAP_TU_DO', 'DONE'),
(8, 1, 35, '2025-10-04 14:00:00', '2025-10-04 15:30:00', 'TAP_TU_DO', 'DONE'),
(9, 2, 38, '2025-10-05 15:00:00', '2025-10-05 16:30:00', 'TAP_TU_DO', 'DONE'),
(10, 5, 42, '2025-10-05 16:00:00', '2025-10-05 17:30:00', 'TAP_TU_DO', 'DONE'),
(11, 8, 45, '2025-10-06 16:00:00', '2025-10-06 18:00:00', 'CLB', 'DONE'),
(12, 31, 48, '2025-10-06 19:00:00', '2025-10-06 21:00:00', 'CLB', 'DONE'),
(13, 9, 50, '2025-10-07 17:00:00', '2025-10-07 19:00:00', 'CLB', 'DONE'),
(14, 33, 52, '2025-10-07 17:30:00', '2025-10-07 19:00:00', 'CLB', 'DONE'),
(15, 10, 55, '2025-10-08 18:00:00', '2025-10-08 19:30:00', 'CLB', 'DONE'),
(16, 34, 57, '2025-10-08 18:30:00', '2025-10-08 20:00:00', 'CLB', 'DONE'),
(17, 32, 60, '2025-10-09 16:30:00', '2025-10-09 18:30:00', 'CLB', 'DONE'),
(18, 8, 62, '2025-10-09 16:00:00', '2025-10-09 18:00:00', 'CLB', 'DONE'),
(19, 31, 65, '2025-10-10 19:00:00', '2025-10-10 21:00:00', 'CLB', 'DONE'),
(20, 9, 68, '2025-10-10 17:00:00', '2025-10-10 19:00:00', 'CLB', 'DONE'),
(21, 1, 2, '2025-10-11 14:00:00', '2025-10-11 15:30:00', 'TAP_TU_DO', 'DONE'),
(22, 2, 6, '2025-10-11 15:00:00', '2025-10-11 16:30:00', 'TAP_TU_DO', 'DONE'),
(23, 3, 10, '2025-10-12 09:00:00', '2025-10-12 10:30:00', 'TAP_TU_DO', 'DONE'),
(24, 6, 14, '2025-10-12 10:00:00', '2025-10-12 11:30:00', 'TAP_TU_DO', 'DONE'),
(25, 1, 18, '2025-10-13 14:00:00', '2025-10-13 15:30:00', 'TAP_TU_DO', 'DONE'),
(26, 2, 22, '2025-10-13 15:00:00', '2025-10-13 16:30:00', 'TAP_TU_DO', 'DONE'),
(27, 5, 26, '2025-10-14 16:00:00', '2025-10-14 17:30:00', 'TAP_TU_DO', 'DONE'),
(28, 1, 28, '2025-10-14 14:30:00', '2025-10-14 16:00:00', 'TAP_TU_DO', 'DONE'),
(29, 2, 32, '2025-10-15 15:30:00', '2025-10-15 17:00:00', 'TAP_TU_DO', 'DONE'),
(30, 3, 36, '2025-10-15 09:00:00', '2025-10-15 10:30:00', 'TAP_TU_DO', 'DONE'),
(31, 10, 70, '2025-10-16 18:00:00', '2025-10-16 19:30:00', 'CLB', 'DONE'),
(32, 34, 72, '2025-10-16 18:30:00', '2025-10-16 20:00:00', 'CLB', 'DONE'),
(33, 32, 75, '2025-10-17 16:30:00', '2025-10-17 18:30:00', 'CLB', 'DONE'),
(34, 8, 78, '2025-10-17 16:00:00', '2025-10-17 18:00:00', 'CLB', 'DONE'),
(35, 31, 80, '2025-10-18 19:00:00', '2025-10-18 21:00:00', 'CLB', 'DONE'),
(36, 9, 82, '2025-10-18 17:00:00', '2025-10-18 19:00:00', 'CLB', 'DONE'),
(37, 33, 85, '2025-10-19 17:30:00', '2025-10-19 19:00:00', 'CLB', 'DONE'),
(38, 10, 87, '2025-10-19 18:00:00', '2025-10-19 19:30:00', 'CLB', 'DONE'),
(39, 34, 90, '2025-10-20 18:30:00', '2025-10-20 20:00:00', 'CLB', 'DONE'),
(40, 8, 92, '2025-10-20 16:00:00', '2025-10-20 18:00:00', 'CLB', 'DONE'),
(41, 1, 3, '2025-09-10 14:00:00', '2025-09-10 15:30:00', 'TAP_TU_DO', 'DONE'),
(42, 2, 7, '2025-09-10 15:00:00', '2025-09-10 16:30:00', 'TAP_TU_DO', 'DONE'),
(43, 5, 13, '2025-09-11 16:00:00', '2025-09-11 17:30:00', 'TAP_TU_DO', 'DONE'),
(44, 1, 17, '2025-09-11 14:30:00', '2025-09-11 16:00:00', 'TAP_TU_DO', 'DONE'),
(45, 2, 21, '2025-09-12 15:30:00', '2025-09-12 17:00:00', 'TAP_TU_DO', 'DONE'),
(46, 3, 23, '2025-09-12 09:00:00', '2025-09-12 10:30:00', 'TAP_TU_DO', 'DONE'),
(47, 6, 27, '2025-09-13 10:00:00', '2025-09-13 11:30:00', 'TAP_TU_DO', 'DONE'),
(48, 1, 29, '2025-09-13 14:00:00', '2025-09-13 15:30:00', 'TAP_TU_DO', 'DONE'),
(49, 2, 33, '2025-09-14 15:00:00', '2025-09-14 16:30:00', 'TAP_TU_DO', 'DONE'),
(50, 5, 34, '2025-09-14 16:00:00', '2025-09-14 17:30:00', 'TAP_TU_DO', 'DONE'),
(51, 8, 37, '2025-09-15 16:00:00', '2025-09-15 18:00:00', 'CLB', 'DONE'),
(52, 31, 39, '2025-09-15 19:00:00', '2025-09-15 21:00:00', 'CLB', 'DONE'),
(53, 9, 41, '2025-09-16 17:00:00', '2025-09-16 19:00:00', 'CLB', 'DONE'),
(54, 33, 43, '2025-09-16 17:30:00', '2025-09-16 19:00:00', 'CLB', 'DONE'),
(55, 10, 44, '2025-09-17 18:00:00', '2025-09-17 19:30:00', 'CLB', 'DONE'),
(56, 34, 46, '2025-09-17 18:30:00', '2025-09-17 20:00:00', 'CLB', 'DONE'),
(57, 32, 47, '2025-09-18 16:30:00', '2025-09-18 18:30:00', 'CLB', 'DONE'),
(58, 8, 49, '2025-09-18 16:00:00', '2025-09-18 18:00:00', 'CLB', 'DONE'),
(59, 31, 51, '2025-09-19 19:00:00', '2025-09-19 21:00:00', 'CLB', 'DONE'),
(60, 9, 53, '2025-09-19 17:00:00', '2025-09-19 19:00:00', 'CLB', 'DONE'),
(61, 1, 4, '2025-08-15 14:00:00', '2025-08-15 15:30:00', 'TAP_TU_DO', 'DONE'),
(62, 2, 8, '2025-08-15 15:00:00', '2025-08-15 16:30:00', 'TAP_TU_DO', 'DONE'),
(63, 3, 16, '2025-08-16 09:00:00', '2025-08-16 10:30:00', 'TAP_TU_DO', 'DONE'),
(64, 6, 19, '2025-08-16 10:00:00', '2025-08-16 11:30:00', 'TAP_TU_DO', 'DONE'),
(65, 1, 24, '2025-08-17 14:00:00', '2025-08-17 15:30:00', 'TAP_TU_DO', 'DONE'),
(66, 2, 31, '2025-08-17 15:00:00', '2025-08-17 16:30:00', 'TAP_TU_DO', 'DONE'),
(67, 5, 40, '2025-08-18 16:00:00', '2025-08-18 17:30:00', 'TAP_TU_DO', 'DONE'),
(68, 1, 54, '2025-08-18 14:30:00', '2025-08-18 16:00:00', 'TAP_TU_DO', 'DONE'),
(69, 2, 56, '2025-08-19 15:30:00', '2025-08-19 17:00:00', 'TAP_TU_DO', 'DONE'),
(70, 3, 58, '2025-08-19 09:00:00', '2025-08-19 10:30:00', 'TAP_TU_DO', 'DONE'),
(71, 8, 59, '2025-08-20 16:00:00', '2025-08-20 18:00:00', 'CLB', 'DONE'),
(72, 31, 61, '2025-08-20 19:00:00', '2025-08-20 21:00:00', 'CLB', 'DONE'),
(73, 9, 63, '2025-08-21 17:00:00', '2025-08-21 19:00:00', 'CLB', 'DONE'),
(74, 33, 64, '2025-08-21 17:30:00', '2025-08-21 19:00:00', 'CLB', 'DONE'),
(75, 10, 66, '2025-08-22 18:00:00', '2025-08-22 19:30:00', 'CLB', 'DONE'),
(76, 34, 67, '2025-08-22 18:30:00', '2025-08-22 20:00:00', 'CLB', 'DONE'),
(77, 32, 69, '2025-08-23 16:30:00', '2025-08-23 18:30:00', 'CLB', 'DONE'),
(78, 8, 71, '2025-08-23 16:00:00', '2025-08-23 18:00:00', 'CLB', 'DONE'),
(79, 31, 73, '2025-08-24 19:00:00', '2025-08-24 21:00:00', 'CLB', 'DONE'),
(80, 9, 74, '2025-08-24 17:00:00', '2025-08-24 19:00:00', 'CLB', 'DONE'),
(81, 1, 76, '2025-07-10 14:00:00', '2025-07-10 15:30:00', 'TAP_TU_DO', 'DONE'),
(82, 2, 77, '2025-07-10 15:00:00', '2025-07-10 16:30:00', 'TAP_TU_DO', 'DONE'),
(83, 5, 79, '2025-07-11 16:00:00', '2025-07-11 17:30:00', 'TAP_TU_DO', 'DONE'),
(84, 1, 81, '2025-07-11 14:30:00', '2025-07-11 16:00:00', 'TAP_TU_DO', 'DONE'),
(85, 2, 83, '2025-07-12 15:30:00', '2025-07-12 17:00:00', 'TAP_TU_DO', 'DONE'),
(86, 3, 84, '2025-07-12 09:00:00', '2025-07-12 10:30:00', 'TAP_TU_DO', 'DONE'),
(87, 6, 86, '2025-07-13 10:00:00', '2025-07-13 11:30:00', 'TAP_TU_DO', 'DONE'),
(88, 1, 88, '2025-07-13 14:00:00', '2025-07-13 15:30:00', 'TAP_TU_DO', 'DONE'),
(89, 2, 89, '2025-07-14 15:00:00', '2025-07-14 16:30:00', 'TAP_TU_DO', 'DONE'),
(90, 5, 91, '2025-07-14 16:00:00', '2025-07-14 17:30:00', 'TAP_TU_DO', 'DONE'),
(91, 8, 93, '2025-07-15 16:00:00', '2025-07-15 18:00:00', 'CLB', 'DONE'),
(92, 31, 94, '2025-07-15 19:00:00', '2025-07-15 21:00:00', 'CLB', 'DONE'),
(93, 9, 96, '2025-07-16 17:00:00', '2025-07-16 19:00:00', 'CLB', 'DONE'),
(94, 33, 97, '2025-07-16 17:30:00', '2025-07-16 19:00:00', 'CLB', 'DONE'),
(95, 10, 98, '2025-07-17 18:00:00', '2025-07-17 19:30:00', 'CLB', 'DONE'),
(96, 34, 99, '2025-07-17 18:30:00', '2025-07-17 20:00:00', 'CLB', 'DONE'),
(97, 32, 100, '2025-07-18 16:30:00', '2025-07-18 18:30:00', 'CLB', 'DONE'),
(98, 8, 101, '2025-07-18 16:00:00', '2025-07-18 18:00:00', 'CLB', 'DONE'),
(99, 31, 102, '2025-07-19 19:00:00', '2025-07-19 21:00:00', 'CLB', 'DONE'),
(100, 9, 103, '2025-07-19 17:00:00', '2025-07-19 19:00:00', 'CLB', 'DONE'),
(101, 1, 1, '2025-11-20 14:00:00', '2025-11-20 15:30:00', 'TAP_TU_DO', 'CONFIRMED'),
(102, 2, 5, '2025-11-20 15:00:00', '2025-11-20 16:30:00', 'TAP_TU_DO', 'CONFIRMED'),
(103, 5, 12, '2025-11-21 16:00:00', '2025-11-21 17:30:00', 'TAP_TU_DO', 'CONFIRMED'),
(104, 1, 15, '2025-11-21 14:30:00', '2025-11-21 16:00:00', 'TAP_TU_DO', 'CONFIRMED'),
(105, 2, 20, '2025-11-22 15:30:00', '2025-11-22 17:00:00', 'TAP_TU_DO', 'CONFIRMED'),
(106, 3, 25, '2025-11-22 09:00:00', '2025-11-22 10:30:00', 'TAP_TU_DO', 'CONFIRMED'),
(107, 6, 30, '2025-11-23 10:00:00', '2025-11-23 11:30:00', 'TAP_TU_DO', 'CONFIRMED'),
(108, 1, 35, '2025-11-23 14:00:00', '2025-11-23 15:30:00', 'TAP_TU_DO', 'CONFIRMED'),
(109, 2, 38, '2025-11-24 15:00:00', '2025-11-24 16:30:00', 'TAP_TU_DO', 'CONFIRMED'),
(110, 5, 42, '2025-11-24 16:00:00', '2025-11-24 17:30:00', 'TAP_TU_DO', 'CONFIRMED'),
(111, 8, 45, '2025-11-25 16:00:00', '2025-11-25 18:00:00', 'CLB', 'CONFIRMED'),
(112, 31, 48, '2025-11-25 19:00:00', '2025-11-25 21:00:00', 'CLB', 'CONFIRMED'),
(113, 9, 50, '2025-11-26 17:00:00', '2025-11-26 19:00:00', 'CLB', 'CONFIRMED'),
(114, 33, 52, '2025-11-26 17:30:00', '2025-11-26 19:00:00', 'CLB', 'CONFIRMED'),
(115, 10, 55, '2025-11-27 18:00:00', '2025-11-27 19:30:00', 'CLB', 'CONFIRMED'),
(116, 34, 57, '2025-11-27 18:30:00', '2025-11-27 20:00:00', 'CLB', 'CONFIRMED'),
(117, 32, 60, '2025-11-28 16:30:00', '2025-11-28 18:30:00', 'CLB', 'CONFIRMED'),
(118, 8, 62, '2025-11-28 16:00:00', '2025-11-28 18:00:00', 'CLB', 'CONFIRMED'),
(119, 31, 65, '2025-11-29 19:00:00', '2025-11-29 21:00:00', 'CLB', 'CONFIRMED'),
(120, 9, 68, '2025-11-29 17:00:00', '2025-11-29 19:00:00', 'CLB', 'CONFIRMED'),
(121, 1, 70, '2025-11-30 14:00:00', '2025-11-30 15:30:00', 'TAP_TU_DO', 'CONFIRMED'),
(122, 2, 72, '2025-11-30 15:00:00', '2025-11-30 16:30:00', 'TAP_TU_DO', 'CONFIRMED'),
(123, 3, 75, '2025-12-01 09:00:00', '2025-12-01 10:30:00', 'TAP_TU_DO', 'CONFIRMED'),
(124, 6, 78, '2025-12-01 10:00:00', '2025-12-01 11:30:00', 'TAP_TU_DO', 'CONFIRMED'),
(125, 1, 80, '2025-12-02 14:00:00', '2025-12-02 15:30:00', 'TAP_TU_DO', 'CONFIRMED'),
(126, 2, 82, '2025-12-02 15:00:00', '2025-12-02 16:30:00', 'TAP_TU_DO', 'CONFIRMED'),
(127, 5, 85, '2025-12-03 16:00:00', '2025-12-03 17:30:00', 'TAP_TU_DO', 'CONFIRMED'),
(128, 1, 87, '2025-12-03 14:30:00', '2025-12-03 16:00:00', 'TAP_TU_DO', 'CONFIRMED'),
(129, 2, 90, '2025-12-04 15:30:00', '2025-12-04 17:00:00', 'TAP_TU_DO', 'CONFIRMED'),
(130, 3, 92, '2025-12-04 09:00:00', '2025-12-04 10:30:00', 'TAP_TU_DO', 'CONFIRMED'),
(131, 8, 95, '2025-12-05 16:00:00', '2025-12-05 18:00:00', 'CLB', 'PENDING'),
(132, 31, 100, '2025-12-05 19:00:00', '2025-12-05 21:00:00', 'CLB', 'PENDING'),
(133, 9, 2, '2025-12-06 17:00:00', '2025-12-06 19:00:00', 'CLB', 'PENDING'),
(134, 33, 6, '2025-12-06 17:30:00', '2025-12-06 19:00:00', 'CLB', 'PENDING'),
(135, 10, 10, '2025-12-07 18:00:00', '2025-12-07 19:30:00', 'CLB', 'PENDING'),
(136, 1, 14, '2025-12-08 14:00:00', '2025-12-08 15:30:00', 'TAP_TU_DO', 'PENDING'),
(137, 2, 18, '2025-12-08 15:00:00', '2025-12-08 16:30:00', 'TAP_TU_DO', 'PENDING'),
(138, 3, 22, '2025-12-09 09:00:00', '2025-12-09 10:30:00', 'TAP_TU_DO', 'PENDING'),
(139, 6, 26, '2025-12-09 10:00:00', '2025-12-09 11:30:00', 'TAP_TU_DO', 'PENDING'),
(140, 5, 28, '2025-12-10 16:00:00', '2025-12-10 17:30:00', 'TAP_TU_DO', 'PENDING'),
(141, 8, NULL, '2025-12-01 14:00:00', '2025-12-01 18:00:00', 'GIU_CHO_SU_KIEN', 'CONFIRMED'),
(142, 9, NULL, '2025-12-05 14:00:00', '2025-12-05 18:00:00', 'GIU_CHO_SU_KIEN', 'CONFIRMED'),
(143, 31, NULL, '2025-12-10 15:00:00', '2025-12-10 19:00:00', 'GIU_CHO_SU_KIEN', 'PENDING'),
(144, 32, NULL, '2025-12-15 16:00:00', '2025-12-15 20:00:00', 'GIU_CHO_SU_KIEN', 'PENDING'),
(145, 33, NULL, '2025-12-20 14:00:00', '2025-12-20 18:00:00', 'GIU_CHO_SU_KIEN', 'PENDING'),
(146, 8, NULL, '2025-12-25 10:00:00', '2025-12-25 14:00:00', 'GIU_CHO_SU_KIEN', 'PENDING'),
(147, 9, NULL, '2025-12-28 15:00:00', '2025-12-28 19:00:00', 'GIU_CHO_SU_KIEN', 'PENDING'),
(148, 31, NULL, '2025-12-30 16:00:00', '2025-12-30 20:00:00', 'GIU_CHO_SU_KIEN', 'PENDING'),
(149, 3, NULL, '2026-01-05 08:00:00', '2026-01-05 12:00:00', 'GIU_CHO_SU_KIEN', 'PENDING'),
(150, 6, NULL, '2026-01-10 09:00:00', '2026-01-10 13:00:00', 'GIU_CHO_SU_KIEN', 'PENDING');

-- --------------------------------------------------------

--
-- Table structure for table `donghoadon`
--

CREATE TABLE `donghoadon` (
  `MADONG` int(10) UNSIGNED NOT NULL,
  `MAHDON` int(10) UNSIGNED NOT NULL,
  `LOAIHANG` enum('MEMBERSHIP','CLASS','PT','BOOKING','LOCKER','OTHER') NOT NULL,
  `REF_ID` int(10) UNSIGNED DEFAULT NULL,
  `MOTA` varchar(255) DEFAULT NULL,
  `SOLUONG` int(10) UNSIGNED NOT NULL DEFAULT 1,
  `DONGIA` decimal(12,2) NOT NULL
) ENGINE=InnoDB DEFAULT CHARSET=utf8mb4 COLLATE=utf8mb4_general_ci;

--
-- Dumping data for table `donghoadon`
--

INSERT INTO `donghoadon` (`MADONG`, `MAHDON`, `LOAIHANG`, `REF_ID`, `MOTA`, `SOLUONG`, `DONGIA`) VALUES
(1, 1, 'MEMBERSHIP', 4, 'Gói 1 tháng', 1, 500000.00),
(2, 1, 'LOCKER', 1, 'Thuê tủ G1-01 - Tháng 11/2025', 1, 100000.00),
(3, 2, 'MEMBERSHIP', 5, 'Gói 3 tháng', 1, 1200000.00),
(4, 3, 'MEMBERSHIP', 6, 'Gói 12 tháng VIP', 1, 4500000.00),
(5, 4, 'MEMBERSHIP', 4, 'Gói 1 tháng', 1, 500000.00),
(6, 4, 'LOCKER', 2, 'Thuê tủ G1-02 - Tháng 11/2025', 1, 100000.00),
(7, 5, 'MEMBERSHIP', 5, 'Gói 3 tháng', 1, 1200000.00),
(8, 5, 'LOCKER', 3, 'Thuê tủ P-01 - Tháng 11/2025', 1, 100000.00),
(9, 6, 'MEMBERSHIP', 4, 'Gói 1 tháng', 1, 500000.00),
(10, 6, 'LOCKER', 4, 'Thuê tủ P-02 - Tháng 11/2025', 1, 100000.00),
(11, 7, 'MEMBERSHIP', 6, 'Gói 12 tháng VIP', 1, 4500000.00),
(12, 7, 'LOCKER', 5, 'Thuê tủ P-03 - Tháng 11/2025', 1, 100000.00),
(13, 8, 'MEMBERSHIP', 4, 'Gói 1 tháng', 1, 500000.00),
(14, 8, 'LOCKER', 7, 'Thuê tủ A-01 - Tháng 11/2025', 1, 100000.00),
(15, 9, 'MEMBERSHIP', 5, 'Gói 3 tháng', 1, 1200000.00),
(16, 9, 'LOCKER', 8, 'Thuê tủ A-02 - Tháng 11/2025', 1, 100000.00),
(17, 10, 'MEMBERSHIP', 4, 'Gói 1 tháng', 1, 500000.00),
(18, 10, 'LOCKER', 9, 'Thuê tủ A-03 - Tháng 11/2025', 1, 100000.00),
(19, 11, 'MEMBERSHIP', 4, 'Gói 1 tháng', 1, 500000.00),
(20, 11, 'PT', 16, 'PT Session 1h với HLV 14', 1, 280000.00),
(21, 12, 'PT', 17, 'PT Session 1h với HLV 14', 1, 280000.00),
(22, 12, 'LOCKER', 10, 'Thuê tủ L1-01 - Tháng 11/2025', 1, 100000.00),
(23, 13, 'MEMBERSHIP', 5, 'Gói 3 tháng', 1, 1200000.00),
(24, 13, 'PT', 18, 'PT Session 1h với HLV 13', 1, 220000.00),
(25, 14, 'PT', 19, 'PT Session 1h với HLV 13', 1, 220000.00),
(26, 14, 'LOCKER', 11, 'Thuê tủ L1-02 - Tháng 11/2025', 1, 100000.00),
(27, 15, 'MEMBERSHIP', 4, 'Gói 1 tháng', 1, 500000.00),
(28, 15, 'PT', 20, 'PT Session 1h với HLV 15', 1, 270000.00),
(29, 16, 'PT', 21, 'PT Session 1h với HLV 15', 1, 270000.00),
(30, 16, 'LOCKER', 12, 'Thuê tủ L2-01 - Tháng 11/2025', 1, 100000.00),
(31, 17, 'MEMBERSHIP', 4, 'Gói 1 tháng', 1, 500000.00),
(32, 17, 'PT', 22, 'PT Session 1h với HLV 16', 1, 260000.00),
(33, 18, 'PT', 23, 'PT Session 1h với HLV 16', 1, 260000.00),
(34, 18, 'BOOKING', 12, 'Đặt phòng Gym 1 - 1.5h', 1, 150000.00),
(35, 19, 'MEMBERSHIP', 5, 'Gói 3 tháng', 1, 1200000.00),
(36, 19, 'PT', 24, 'PT Session 1h với HLV 20', 1, 290000.00),
(37, 20, 'PT', 25, 'PT Session 1h với HLV 20', 1, 290000.00),
(38, 20, 'LOCKER', 13, 'Thuê tủ L2-02 - Tháng 11/2025', 1, 100000.00),
(39, 21, 'MEMBERSHIP', 4, 'Gói 1 tháng', 1, 500000.00),
(40, 21, 'LOCKER', 21, 'Thuê tủ P2-004 - Tháng 10/2025', 1, 100000.00),
(41, 22, 'MEMBERSHIP', 6, 'Gói 12 tháng VIP', 1, 4500000.00),
(42, 22, 'LOCKER', 22, 'Thuê tủ P2-005 - Tháng 10/2025', 1, 100000.00),
(43, 23, 'MEMBERSHIP', 5, 'Gói 3 tháng', 1, 1200000.00),
(44, 23, 'PT', 26, 'PT Session 1h với HLV 19', 1, 240000.00),
(45, 24, 'MEMBERSHIP', 4, 'Gói 1 tháng', 1, 500000.00),
(46, 24, 'LOCKER', 23, 'Thuê tủ G1-03 - Tháng 10/2025', 1, 100000.00),
(47, 25, 'MEMBERSHIP', 5, 'Gói 3 tháng', 1, 1200000.00),
(48, 25, 'LOCKER', 24, 'Thuê tủ G2-01 - Tháng 10/2025', 1, 100000.00),
(49, 26, 'MEMBERSHIP', 4, 'Gói 1 tháng', 1, 500000.00),
(50, 26, 'LOCKER', 25, 'Thuê tủ G2-02 - Tháng 10/2025', 1, 100000.00),
(51, 27, 'MEMBERSHIP', 5, 'Gói 3 tháng', 1, 1200000.00),
(52, 27, 'LOCKER', 26, 'Thuê tủ G2-03 - Tháng 10/2025', 1, 100000.00),
(53, 28, 'MEMBERSHIP', 4, 'Gói 1 tháng', 1, 500000.00),
(54, 28, 'PT', 27, 'PT Session 1h với HLV 19', 1, 240000.00),
(55, 29, 'MEMBERSHIP', 5, 'Gói 3 tháng', 1, 1200000.00),
(56, 29, 'LOCKER', 27, 'Thuê tủ P-04 - Tháng 10/2025', 1, 100000.00),
(57, 30, 'MEMBERSHIP', 4, 'Gói 1 tháng', 1, 500000.00),
(58, 30, 'LOCKER', 28, 'Thuê tủ P-05 - Tháng 10/2025', 1, 100000.00),
(59, 31, 'MEMBERSHIP', 6, 'Gói 12 tháng VIP', 1, 4500000.00),
(60, 31, 'LOCKER', 31, 'Thuê tủ Y1-02 - 3 tháng', 3, 100000.00),
(61, 32, 'MEMBERSHIP', 6, 'Gói 12 tháng VIP', 1, 4500000.00),
(62, 32, 'LOCKER', 32, 'Thuê tủ Y1-03 - 3 tháng', 3, 100000.00),
(63, 33, 'MEMBERSHIP', 5, 'Gói 3 tháng', 1, 1200000.00),
(64, 33, 'PT', 28, 'PT Session 1h với HLV 24', 1, 210000.00),
(65, 34, 'MEMBERSHIP', 4, 'Gói 1 tháng', 1, 500000.00),
(66, 34, 'LOCKER', 33, 'Thuê tủ N1-03 - Tháng 9/2025', 1, 100000.00),
(67, 35, 'MEMBERSHIP', 5, 'Gói 3 tháng', 1, 1200000.00),
(68, 35, 'PT', 29, 'PT Session 1h với HLV 24', 1, 210000.00),
(69, 36, 'MEMBERSHIP', 4, 'Gói 1 tháng', 1, 500000.00),
(70, 36, 'LOCKER', 34, 'Thuê tủ N1-04 - Tháng 9/2025', 1, 100000.00),
(71, 37, 'MEMBERSHIP', 6, 'Gói 12 tháng VIP', 1, 4500000.00),
(72, 37, 'PT', 30, 'PT Session 1h với HLV 23', 1, 230000.00),
(73, 38, 'MEMBERSHIP', 5, 'Gói 3 tháng', 1, 1200000.00),
(74, 38, 'LOCKER', 36, 'Thuê tủ P50-01 - 6 tháng', 6, 100000.00),
(75, 39, 'MEMBERSHIP', 4, 'Gói 1 tháng', 1, 500000.00),
(76, 39, 'LOCKER', 37, 'Thuê tủ P50-02 - Tháng 8/2025', 1, 100000.00),
(77, 40, 'MEMBERSHIP', 5, 'Gói 3 tháng', 1, 1200000.00),
(78, 40, 'PT', 31, 'PT Session 1h với HLV 14', 1, 280000.00),
(79, 41, 'MEMBERSHIP', 4, 'Gói 1 tháng', 1, 500000.00),
(80, 41, 'LOCKER', 38, 'Thuê tủ P50-03 - Tháng 8/2025', 1, 100000.00),
(81, 42, 'MEMBERSHIP', 6, 'Gói 12 tháng VIP', 1, 4500000.00),
(82, 42, 'PT', 32, 'PT Session 1h với HLV 13', 1, 220000.00),
(83, 43, 'MEMBERSHIP', 4, 'Gói 1 tháng', 1, 500000.00),
(84, 43, 'LOCKER', 39, 'Thuê tủ Y2-01 - Tháng 7/2025', 1, 100000.00),
(85, 44, 'MEMBERSHIP', 5, 'Gói 3 tháng', 1, 1200000.00),
(86, 44, 'LOCKER', 40, 'Thuê tủ Y2-02 - Tháng 7/2025', 1, 100000.00),
(87, 45, 'MEMBERSHIP', 5, 'Gói 3 tháng', 1, 1200000.00),
(88, 45, 'PT', 33, 'PT Session 1h với HLV 15', 1, 270000.00),
(89, 46, 'MEMBERSHIP', 4, 'Gói 1 tháng', 1, 500000.00),
(90, 46, 'LOCKER', 41, 'Thuê tủ P2-004 - Tháng 7/2025', 1, 100000.00),
(91, 47, 'MEMBERSHIP', 5, 'Gói 3 tháng', 1, 1200000.00),
(92, 47, 'LOCKER', 42, 'Thuê tủ A-04 - Tháng 7/2025', 1, 100000.00),
(93, 48, 'MEMBERSHIP', 4, 'Gói 1 tháng', 1, 500000.00),
(94, 48, 'PT', 34, 'PT Session 1h với HLV 16', 1, 260000.00),
(95, 49, 'MEMBERSHIP', 5, 'Gói 3 tháng', 1, 1200000.00),
(96, 49, 'LOCKER', 43, 'Thuê tủ L2-03 - Tháng 7/2025', 1, 100000.00),
(97, 50, 'MEMBERSHIP', 4, 'Gói 1 tháng', 1, 500000.00),
(98, 50, 'PT', 35, 'PT Session 1h với HLV 26', 1, 200000.00),
(99, 51, 'MEMBERSHIP', 4, 'Gói 1 tháng', 1, 500000.00),
(100, 51, 'BOOKING', 51, 'Đặt phòng Hồ bơi - 1.5h', 1, 200000.00),
(101, 52, 'MEMBERSHIP', 6, 'Gói 12 tháng VIP', 1, 4500000.00),
(102, 52, 'LOCKER', 44, 'Thuê tủ L2-04 - 12 tháng', 12, 100000.00),
(103, 53, 'MEMBERSHIP', 5, 'Gói 3 tháng', 1, 1200000.00),
(104, 53, 'PT', 57, 'PT Session 1h với HLV 15', 1, 270000.00),
(105, 54, 'MEMBERSHIP', 4, 'Gói 1 tháng', 1, 500000.00),
(106, 54, 'LOCKER', 45, 'Thuê tủ B1-01 - Tháng 6/2025', 1, 100000.00),
(107, 55, 'MEMBERSHIP', 5, 'Gói 3 tháng', 1, 1200000.00),
(108, 55, 'PT', 58, 'PT Session 1h với HLV 16', 1, 260000.00),
(109, 56, 'MEMBERSHIP', 4, 'Gói 1 tháng', 1, 500000.00),
(110, 56, 'PT', 59, 'PT Session 1h với HLV 20', 1, 290000.00),
(111, 57, 'MEMBERSHIP', 5, 'Gói 3 tháng', 1, 1200000.00),
(112, 57, 'LOCKER', 46, 'Thuê tủ B1-02 - Tháng 5/2025', 1, 100000.00),
(113, 58, 'MEMBERSHIP', 4, 'Gói 1 tháng', 1, 500000.00),
(114, 58, 'LOCKER', 47, 'Thuê tủ B1-03 - Tháng 5/2025', 1, 100000.00),
(115, 59, 'MEMBERSHIP', 5, 'Gói 3 tháng', 1, 1200000.00),
(116, 59, 'PT', 60, 'PT Session 1h với HLV 19', 1, 240000.00),
(117, 60, 'MEMBERSHIP', 4, 'Gói 1 tháng', 1, 500000.00),
(118, 60, 'LOCKER', 48, 'Thuê tủ VD-01 - Tháng 5/2025', 1, 100000.00),
(119, 61, 'MEMBERSHIP', 5, 'Gói 3 tháng', 1, 1200000.00),
(120, 61, 'PT', 61, 'PT Session 1h với HLV 24', 1, 210000.00),
(121, 62, 'MEMBERSHIP', 4, 'Gói 1 tháng', 1, 500000.00),
(122, 62, 'LOCKER', 49, 'Thuê tủ VD-02 - Tháng 5/2025', 1, 100000.00),
(123, 63, 'MEMBERSHIP', 5, 'Gói 3 tháng', 1, 1200000.00),
(124, 63, 'PT', 62, 'PT Session 1h với HLV 23', 1, 230000.00),
(125, 64, 'MEMBERSHIP', 4, 'Gói 1 tháng', 1, 500000.00),
(126, 64, 'BOOKING', 63, 'Đặt phòng Hồ bơi - 1.5h', 1, 200000.00),
(127, 65, 'MEMBERSHIP', 5, 'Gói 3 tháng', 1, 1200000.00),
(128, 65, 'LOCKER', 50, 'Thuê tủ F1-01 - Tháng 4/2025', 1, 100000.00),
(129, 66, 'MEMBERSHIP', 4, 'Gói 1 tháng', 1, 500000.00),
(130, 66, 'PT', 63, 'PT Session 1h với HLV 14', 1, 280000.00),
(131, 67, 'MEMBERSHIP', 5, 'Gói 3 tháng', 1, 1200000.00),
(132, 67, 'LOCKER', 51, 'Thuê tủ F1-02 - Tháng 4/2025', 1, 100000.00),
(133, 68, 'MEMBERSHIP', 4, 'Gói 1 tháng', 1, 500000.00),
(134, 68, 'PT', 64, 'PT Session 1h với HLV 13', 1, 220000.00),
(135, 69, 'MEMBERSHIP', 5, 'Gói 3 tháng', 1, 1200000.00),
(136, 69, 'LOCKER', 52, 'Thuê tủ BR-01 - Tháng 4/2025', 1, 100000.00),
(137, 70, 'MEMBERSHIP', 4, 'Gói 1 tháng', 1, 500000.00),
(138, 70, 'LOCKER', 53, 'Thuê tủ BR-02 - Tháng 4/2025', 1, 100000.00),
(139, 71, 'MEMBERSHIP', 4, 'Gói 1 tháng', 1, 500000.00),
(140, 71, 'LOCKER', 54, 'Thuê tủ CL-01 - Tháng 11/2025', 1, 100000.00),
(141, 72, 'MEMBERSHIP', 5, 'Gói 3 tháng', 1, 1200000.00),
(142, 72, 'PT', 101, 'PT Session 1h với HLV 14', 1, 280000.00),
(143, 73, 'MEMBERSHIP', 4, 'Gói 1 tháng', 1, 500000.00),
(144, 73, 'LOCKER', 55, 'Thuê tủ CL-02 - Tháng 11/2025', 1, 100000.00),
(145, 74, 'MEMBERSHIP', 5, 'Gói 3 tháng', 1, 1200000.00),
(146, 74, 'BOOKING', 101, 'Đặt phòng Gym 1 - 1.5h', 1, 150000.00),
(147, 75, 'MEMBERSHIP', 4, 'Gói 1 tháng', 1, 500000.00),
(148, 75, 'LOCKER', 56, 'Thuê tủ FA-01 - Tháng 11/2025', 1, 100000.00),
(149, 76, 'MEMBERSHIP', 5, 'Gói 3 tháng', 1, 1200000.00),
(150, 76, 'PT', 102, 'PT Session 1h với HLV 14', 1, 280000.00),
(151, 77, 'MEMBERSHIP', 4, 'Gói 1 tháng', 1, 500000.00),
(152, 77, 'LOCKER', 57, 'Thuê tủ FA-02 - Tháng 11/2025', 1, 100000.00),
(153, 78, 'MEMBERSHIP', 5, 'Gói 3 tháng', 1, 1200000.00),
(154, 78, 'PT', 103, 'PT Session 1h với HLV 13', 1, 220000.00),
(155, 79, 'MEMBERSHIP', 4, 'Gói 1 tháng', 1, 500000.00),
(156, 79, 'BOOKING', 102, 'Đặt phòng Gym 2 - 1.5h', 1, 150000.00),
(157, 80, 'MEMBERSHIP', 5, 'Gói 3 tháng', 1, 1200000.00),
(158, 80, 'LOCKER', 58, 'Thuê tủ BRB-01 - Tháng 11/2025', 1, 100000.00),
(159, 81, 'MEMBERSHIP', 4, 'Gói 1 tháng', 1, 500000.00),
(160, 81, 'PT', 81, 'PT Session 1h với HLV 14', 1, 280000.00),
(161, 82, 'MEMBERSHIP', 5, 'Gói 3 tháng', 1, 1200000.00),
(162, 82, 'PT', 82, 'PT Session 1h với HLV 13', 1, 220000.00),
(163, 83, 'MEMBERSHIP', 4, 'Gói 1 tháng', 1, 500000.00),
(164, 83, 'LOCKER', 59, 'Thuê tủ BRB-02 - Tháng 10/2025', 1, 100000.00),
(165, 84, 'MEMBERSHIP', 5, 'Gói 3 tháng', 1, 1200000.00),
(166, 84, 'PT', 83, 'PT Session 1h với HLV 15', 1, 270000.00),
(167, 85, 'MEMBERSHIP', 4, 'Gói 1 tháng', 1, 500000.00),
(168, 85, 'LOCKER', 60, 'Thuê tủ G1-06 - Tháng 10/2025', 1, 100000.00),
(169, 86, 'MEMBERSHIP', 5, 'Gói 3 tháng', 1, 1200000.00),
(170, 86, 'PT', 84, 'PT Session 1h với HLV 16', 1, 260000.00),
(171, 87, 'MEMBERSHIP', 4, 'Gói 1 tháng', 1, 500000.00),
(172, 87, 'LOCKER', 61, 'Thuê tủ G1-07 - Tháng 10/2025', 1, 100000.00),
(173, 88, 'MEMBERSHIP', 5, 'Gói 3 tháng', 1, 1200000.00),
(174, 88, 'PT', 85, 'PT Session 1h với HLV 20', 1, 290000.00),
(175, 89, 'MEMBERSHIP', 4, 'Gói 1 tháng', 1, 500000.00),
(176, 89, 'BOOKING', 87, 'Đặt phòng Gym 1 - 1.5h', 1, 150000.00),
(177, 90, 'MEMBERSHIP', 5, 'Gói 3 tháng', 1, 1200000.00),
(178, 90, 'PT', 86, 'PT Session 1h với HLV 19', 1, 240000.00),
(179, 91, 'MEMBERSHIP', 4, 'Gói 1 tháng', 1, 500000.00),
(180, 91, 'LOCKER', 62, 'Thuê tủ G2-04 - Tháng 12/2025', 1, 100000.00),
(181, 92, 'MEMBERSHIP', 5, 'Gói 3 tháng', 1, 1200000.00),
(182, 93, 'MEMBERSHIP', 4, 'Gói 1 tháng', 1, 500000.00),
(183, 93, 'PT', 104, 'PT Session 1h với HLV 13', 1, 220000.00),
(184, 94, 'MEMBERSHIP', 5, 'Gói 3 tháng', 1, 1200000.00),
(185, 94, 'LOCKER', 63, 'Thuê tủ G2-05 - Tháng 12/2025', 1, 100000.00),
(186, 95, 'MEMBERSHIP', 6, 'Gói 12 tháng VIP', 1, 4500000.00),
(187, 96, 'MEMBERSHIP', 6, 'Gói 12 tháng VIP', 1, 4500000.00),
(188, 96, 'PT', 87, 'PT Session 1h với HLV 24 - 5 buổi', 5, 210000.00),
(189, 97, 'MEMBERSHIP', 5, 'Gói 3 tháng', 1, 1200000.00),
(190, 97, 'LOCKER', 64, 'Thuê tủ P-07 - 3 tháng', 3, 100000.00),
(191, 98, 'MEMBERSHIP', 6, 'Gói 12 tháng VIP', 1, 4500000.00),
(192, 98, 'PT', 88, 'PT Session 1h với HLV 23 - 3 buổi', 3, 230000.00),
(193, 99, 'MEMBERSHIP', 5, 'Gói 3 tháng - ĐÃ HỦY', 1, 1200000.00),
(194, 99, 'LOCKER', 65, 'Thuê tủ P-08 - ĐÃ HỦY', 1, 100000.00),
(195, 100, 'MEMBERSHIP', 4, 'Gói 1 tháng - ĐÃ HỦY', 1, 500000.00),
(196, 100, 'PT', 89, 'PT Session - ĐÃ HỦY', 1, 220000.00),
(197, 1, 'CLASS', 1, 'Đăng ký lớp Yoga Cơ Bản - 1 buổi', 1, 50000.00),
(198, 5, 'CLASS', 2, 'Đăng ký lớp HIIT Giảm Mỡ - 1 buổi', 1, 60000.00),
(199, 10, 'CLASS', 3, 'Đăng ký lớp Bơi Người Lớn - 1 buổi', 1, 80000.00),
(200, 15, 'OTHER', NULL, 'Phí dịch vụ khác', 1, 50000.00);

-- --------------------------------------------------------

--
-- Table structure for table `hlv`
--

CREATE TABLE `hlv` (
  `MAHLV` int(10) UNSIGNED NOT NULL,
  `MOTA` text DEFAULT NULL,
  `PHI_GIO` decimal(12,2) NOT NULL
) ENGINE=InnoDB DEFAULT CHARSET=utf8mb4 COLLATE=utf8mb4_general_ci;

--
-- Dumping data for table `hlv`
--

INSERT INTO `hlv` (`MAHLV`, `MOTA`, `PHI_GIO`) VALUES
(1, 'HLV Boxing', 250000.00),
(3, 'HLV Gym chuyên tăng cơ, giảm mỡ', 200000.00),
(4, 'HLV Yoga, thiền, giãn cơ', 250000.00),
(11, 'HLV Bơi', 250000.00),
(13, 'HLV Gym - Chuyên tập cơ bụng và core', 220000.00),
(14, 'HLV PT - Chuyên giảm cân cho nữ', 280000.00),
(15, 'HLV Yoga - Chuyên yoga trị liệu', 270000.00),
(16, 'HLV Bơi - Chuyên dạy bơi sải và bơi ếch', 260000.00),
(19, 'HLV HIIT - Chuyên cardio cường độ cao', 240000.00),
(20, 'HLV Boxing - Chuyên Muay Thai', 290000.00),
(22, 'HLV Gym - Chuyên tập chân', 200000.00),
(23, 'HLV Pilates - Chuyên tăng cường sức bền', 230000.00),
(24, 'HLV Gym - Chuyên tập lưng và vai', 210000.00),
(26, 'HLV Bóng Đá - Chuyên kỹ thuật cá nhân', 200000.00),
(27, 'HLV Bóng Chuyền - Chuyên kỹ thuật smash', 195000.00),
(28, 'HLV Bóng Rổ - Chuyên shooting và defense', 200000.00),
(29, 'HLV Cầu Lông - Chuyên đánh đơn', 190000.00),
(31, 'HLV CrossFit - Chuyên functional training', 300000.00),
(32, 'HLV Yoga - Chuyên yoga cho bà bầu', 260000.00);

-- --------------------------------------------------------

--
-- Table structure for table `hoadon`
--

CREATE TABLE `hoadon` (
  `MAHDON` int(10) UNSIGNED NOT NULL,
  `MAHV` int(10) UNSIGNED NOT NULL,
  `MAKM` int(10) UNSIGNED DEFAULT NULL,
  `NGAYLAP` datetime NOT NULL DEFAULT current_timestamp(),
  `TRANGTHAI` enum('DRAFT','ISSUED','PAID','PARTIAL','VOID') NOT NULL DEFAULT 'DRAFT'
) ENGINE=InnoDB DEFAULT CHARSET=utf8mb4 COLLATE=utf8mb4_general_ci;

--
-- Dumping data for table `hoadon`
--

INSERT INTO `hoadon` (`MAHDON`, `MAHV`, `MAKM`, `NGAYLAP`, `TRANGTHAI`) VALUES
(1, 1, NULL, '2025-11-01 08:30:00', 'PAID'),
(2, 2, 2, '2025-11-01 10:00:00', 'PAID'),
(3, 3, NULL, '2025-11-01 14:00:00', 'PAID'),
(4, 5, NULL, '2025-11-02 09:00:00', 'PAID'),
(5, 6, NULL, '2025-11-02 11:00:00', 'PAID'),
(6, 7, 1, '2025-11-03 08:30:00', 'PAID'),
(7, 9, NULL, '2025-11-03 10:30:00', 'PAID'),
(8, 10, NULL, '2025-11-04 09:00:00', 'PAID'),
(9, 12, 2, '2025-11-04 11:30:00', 'PAID'),
(10, 13, NULL, '2025-11-05 08:00:00', 'PAID'),
(11, 14, NULL, '2025-11-05 10:00:00', 'PAID'),
(12, 15, NULL, '2025-11-06 09:30:00', 'PAID'),
(13, 16, 1, '2025-11-06 11:00:00', 'PAID'),
(14, 17, NULL, '2025-11-07 08:30:00', 'PAID'),
(15, 18, NULL, '2025-11-07 10:30:00', 'PAID'),
(16, 20, NULL, '2025-11-08 09:00:00', 'PAID'),
(17, 21, 10, '2025-11-08 11:00:00', 'PAID'),
(18, 22, NULL, '2025-11-09 08:30:00', 'PAID'),
(19, 25, NULL, '2025-11-09 10:00:00', 'PAID'),
(20, 26, 10, '2025-11-10 09:00:00', 'PAID'),
(21, 28, NULL, '2025-10-15 09:00:00', 'PAID'),
(22, 30, NULL, '2025-10-15 11:00:00', 'PAID'),
(23, 31, 6, '2025-10-16 08:30:00', 'PAID'),
(24, 32, NULL, '2025-10-16 10:30:00', 'PAID'),
(25, 35, NULL, '2025-10-17 09:00:00', 'PAID'),
(26, 36, 10, '2025-10-17 11:00:00', 'PAID'),
(27, 38, NULL, '2025-10-18 08:30:00', 'PAID'),
(28, 40, 6, '2025-10-18 10:30:00', 'PAID'),
(29, 42, NULL, '2025-10-19 09:00:00', 'PAID'),
(30, 45, 10, '2025-10-19 11:00:00', 'PAID'),
(31, 48, NULL, '2025-09-20 09:00:00', 'PAID'),
(32, 50, NULL, '2025-09-20 11:00:00', 'PAID'),
(33, 52, 3, '2025-09-21 08:30:00', 'PAID'),
(34, 55, NULL, '2025-09-21 10:30:00', 'PAID'),
(35, 57, 6, '2025-09-22 09:00:00', 'PAID'),
(36, 60, NULL, '2025-09-22 11:00:00', 'PAID'),
(37, 62, 3, '2025-08-15 09:00:00', 'PAID'),
(38, 65, NULL, '2025-08-15 11:00:00', 'PAID'),
(39, 68, NULL, '2025-08-16 08:30:00', 'PAID'),
(40, 70, 6, '2025-08-16 10:30:00', 'PAID'),
(41, 72, NULL, '2025-08-17 09:00:00', 'PAID'),
(42, 75, 3, '2025-08-17 11:00:00', 'PAID'),
(43, 78, NULL, '2025-07-10 09:00:00', 'PAID'),
(44, 80, NULL, '2025-07-10 11:00:00', 'PAID'),
(45, 82, 3, '2025-07-11 08:30:00', 'PAID'),
(46, 85, NULL, '2025-07-11 10:30:00', 'PAID'),
(47, 87, NULL, '2025-07-12 09:00:00', 'PAID'),
(48, 90, 6, '2025-07-12 11:00:00', 'PAID'),
(49, 92, NULL, '2025-07-13 08:30:00', 'PAID'),
(50, 95, 3, '2025-07-13 10:30:00', 'PAID'),
(51, 98, NULL, '2025-06-15 09:00:00', 'PAID'),
(52, 100, NULL, '2025-06-15 11:00:00', 'PAID'),
(53, 101, 9, '2025-06-16 08:30:00', 'PAID'),
(54, 102, NULL, '2025-06-16 10:30:00', 'PAID'),
(55, 103, NULL, '2025-06-17 09:00:00', 'PAID'),
(56, 112, 6, '2025-06-17 11:00:00', 'PAID'),
(57, 113, NULL, '2025-05-18 09:00:00', 'PAID'),
(58, 114, NULL, '2025-05-18 11:00:00', 'PAID'),
(59, 115, 9, '2025-05-19 08:30:00', 'PAID'),
(60, 116, NULL, '2025-05-19 10:30:00', 'PAID'),
(61, 117, 6, '2025-05-20 09:00:00', 'PAID'),
(62, 119, NULL, '2025-05-20 11:00:00', 'PAID'),
(63, 120, 9, '2025-04-15 09:00:00', 'PAID'),
(64, 121, NULL, '2025-04-15 11:00:00', 'PAID'),
(65, 122, NULL, '2025-04-16 08:30:00', 'PAID'),
(66, 123, 6, '2025-04-16 10:30:00', 'PAID'),
(67, 124, NULL, '2025-04-17 09:00:00', 'PAID'),
(68, 125, 9, '2025-04-17 11:00:00', 'PAID'),
(69, 126, NULL, '2025-04-18 08:30:00', 'PAID'),
(70, 127, NULL, '2025-04-18 10:30:00', 'PAID'),
(71, 4, NULL, '2025-11-15 09:00:00', 'ISSUED'),
(72, 8, 6, '2025-11-15 11:00:00', 'ISSUED'),
(73, 11, NULL, '2025-11-16 08:30:00', 'ISSUED'),
(74, 19, NULL, '2025-11-16 10:30:00', 'ISSUED'),
(75, 23, 10, '2025-11-17 09:00:00', 'ISSUED'),
(76, 24, NULL, '2025-11-17 11:00:00', 'ISSUED'),
(77, 27, NULL, '2025-11-18 08:30:00', 'ISSUED'),
(78, 29, 6, '2025-11-18 10:30:00', 'ISSUED'),
(79, 33, NULL, '2025-11-18 11:00:00', 'ISSUED'),
(80, 34, 10, '2025-11-18 12:00:00', 'ISSUED'),
(81, 37, NULL, '2025-10-25 09:00:00', 'ISSUED'),
(82, 39, 6, '2025-10-25 11:00:00', 'ISSUED'),
(83, 41, NULL, '2025-10-26 08:30:00', 'ISSUED'),
(84, 43, NULL, '2025-10-26 10:30:00', 'ISSUED'),
(85, 44, 10, '2025-10-27 09:00:00', 'ISSUED'),
(86, 46, NULL, '2025-10-27 11:00:00', 'ISSUED'),
(87, 47, NULL, '2025-10-28 08:30:00', 'ISSUED'),
(88, 49, 6, '2025-10-28 10:30:00', 'ISSUED'),
(89, 51, NULL, '2025-10-29 09:00:00', 'ISSUED'),
(90, 53, NULL, '2025-10-29 11:00:00', 'ISSUED'),
(91, 54, NULL, '2025-11-18 13:00:00', 'DRAFT'),
(92, 56, NULL, '2025-11-18 13:15:00', 'DRAFT'),
(93, 58, NULL, '2025-11-18 13:30:00', 'DRAFT'),
(94, 59, NULL, '2025-11-18 13:45:00', 'DRAFT'),
(95, 61, NULL, '2025-11-18 13:50:00', 'DRAFT'),
(96, 63, 1, '2025-10-30 09:00:00', 'PARTIAL'),
(97, 64, NULL, '2025-10-30 11:00:00', 'PARTIAL'),
(98, 66, NULL, '2025-10-31 08:30:00', 'PARTIAL'),
(99, 67, NULL, '2025-09-15 09:00:00', 'VOID'),
(100, 69, NULL, '2025-09-15 11:00:00', 'VOID');

-- --------------------------------------------------------

--
-- Table structure for table `hoivien`
--

CREATE TABLE `hoivien` (
  `MAHV` int(10) UNSIGNED NOT NULL,
  `HOVATEN` varchar(100) NOT NULL,
  `GIOITINH` enum('Nam','Nữ','Khác') NOT NULL DEFAULT 'Nam',
  `NGAYSINH` date NOT NULL,
  `SDT` varchar(20) NOT NULL,
  `EMAIL` varchar(100) DEFAULT NULL,
  `DIACHI` varchar(255) DEFAULT NULL,
  `TRANGTHAI` enum('ACTIVE','SUSPENDED','INACTIVE') NOT NULL DEFAULT 'ACTIVE',
  `NGAYTAO` datetime NOT NULL DEFAULT current_timestamp()
) ENGINE=InnoDB DEFAULT CHARSET=utf8mb4 COLLATE=utf8mb4_general_ci;

--
-- Dumping data for table `hoivien`
--

INSERT INTO `hoivien` (`MAHV`, `HOVATEN`, `GIOITINH`, `NGAYSINH`, `SDT`, `EMAIL`, `DIACHI`, `TRANGTHAI`, `NGAYTAO`) VALUES
(1, 'Nguyễn Văn An', 'Nam', '2000-01-15', '0901777825', 'An0115200@gmail.com', 'Biên Hòa, Đồng Nai', 'ACTIVE', '2025-11-01 08:56:39'),
(2, 'Trần Thị Bé Ba', 'Nữ', '1999-05-20', '0902222222', 'BBa1999@gmail.com', 'Thủ Đức, TP.HCM', 'ACTIVE', '2025-11-01 13:43:30'),
(3, 'Lê Minh Cường', 'Nam', '2001-09-10', '0962891582', 'Cuongle09@gmail.com', 'Long Thành, Đồng Nai', 'SUSPENDED', '2025-11-02 07:32:39'),
(4, 'Phạm Văn Dương', 'Nam', '2002-01-01', '0912344478', 'vanduong2002@gmail.com', 'Quận 1, TP.HCM', 'ACTIVE', '2025-11-02 13:33:21'),
(5, 'La Thị Mai', 'Nữ', '1997-01-22', '0910789003', 'mai001@gmail.com', 'Binh Thanh , TP HCM', 'ACTIVE', '2025-11-02 14:56:43'),
(6, 'Trương Văn Lớn', 'Nam', '2003-10-10', '0910000002', 'tvlon2003@gmail.com', 'TP. Biên Hòa, Đồng Nai', 'ACTIVE', '2025-11-03 08:58:10'),
(7, 'Bùi Văn Giang', 'Nam', '2001-11-02', '0907486777', 'giangdz@gmail.com', 'Dĩ An, Bình Dương', 'ACTIVE', '2025-11-03 14:00:18'),
(8, 'Phan Thị Hạnh', 'Nữ', '1998-08-28', '0910000005', 'hanhbeautiful28@gmail.com', 'Gò Vấp, TP HCM', 'ACTIVE', '2025-11-04 07:03:05'),
(9, 'Ngô Thị Hà', 'Nữ', '1996-04-12', '0908881955', 'hango1996@gmail.com', 'Quận 1, TP HCM', 'ACTIVE', '2025-11-05 14:06:28'),
(10, 'Mai Thị Kim', 'Nữ', '1999-02-08', '0914871401', 'maikim02@gmail.com', 'Phú Nhuận, TP HCM', 'ACTIVE', '2025-11-06 11:06:28'),
(11, 'Lê Quyết Tiến', 'Nam', '2005-06-25', '0432423542', 'tien.nhatrang@gmail.com', 'Diên Khánh, Khánh Hòa', 'ACTIVE', '2025-11-18 17:45:05'),
(12, 'Trần Văn Bình', 'Nam', '1995-03-15', '0912345601', 'binhtv1995@gmail.com', 'Quận 3, TP.HCM', 'ACTIVE', '2025-01-15 08:30:00'),
(13, 'Nguyễn Thị Cúc', 'Nữ', '1998-06-20', '0912345602', 'cucnt1998@gmail.com', 'Quận 5, TP.HCM', 'ACTIVE', '2025-01-16 09:15:00'),
(14, 'Lê Hoàng Dũng', 'Nam', '2000-02-10', '0912345603', 'dunglh2000@gmail.com', 'Quận 7, TP.HCM', 'ACTIVE', '2025-01-17 10:00:00'),
(15, 'Phạm Thị Lan', 'Nữ', '1997-08-25', '0912345604', 'lanpt1997@gmail.com', 'Tân Bình, TP.HCM', 'ACTIVE', '2025-01-18 11:20:00'),
(16, 'Hoàng Văn Nam', 'Nam', '1999-12-05', '0912345605', 'namhv1999@gmail.com', 'Bình Thạnh, TP.HCM', 'ACTIVE', '2025-01-19 14:30:00'),
(17, 'Võ Thị Oanh', 'Nữ', '2001-04-18', '0912345606', 'oanhvt2001@gmail.com', 'Phú Nhuận, TP.HCM', 'ACTIVE', '2025-01-20 08:45:00'),
(18, 'Đặng Minh Phúc', 'Nam', '1996-09-30', '0912345607', 'phucdm1996@gmail.com', 'Quận 10, TP.HCM', 'ACTIVE', '2025-01-21 09:30:00'),
(19, 'Bùi Thị Quỳnh', 'Nữ', '2002-01-12', '0912345608', 'quynhbt2002@gmail.com', 'Quận 11, TP.HCM', 'ACTIVE', '2025-01-22 10:15:00'),
(20, 'Trương Văn Sơn', 'Nam', '1998-05-22', '0912345609', 'sontv1998@gmail.com', 'Tân Phú, TP.HCM', 'ACTIVE', '2025-01-23 13:00:00'),
(21, 'Ngô Thị Trang', 'Nữ', '2000-11-08', '0912345610', 'trangnt2000@gmail.com', 'Gò Vấp, TP.HCM', 'ACTIVE', '2025-01-24 15:20:00'),
(22, 'Lý Văn Tú', 'Nam', '1997-07-14', '0912345611', 'tulv1997@gmail.com', 'Quận 12, TP.HCM', 'ACTIVE', '2025-01-25 08:00:00'),
(23, 'Phan Thị Uyên', 'Nữ', '1999-03-28', '0912345612', 'uyenpt1999@gmail.com', 'Thủ Đức, TP.HCM', 'ACTIVE', '2025-01-26 09:45:00'),
(24, 'Đỗ Văn Vinh', 'Nam', '2001-09-16', '0912345613', 'vinhdv2001@gmail.com', 'Bình Tân, TP.HCM', 'ACTIVE', '2025-01-27 11:30:00'),
(25, 'Mai Thị Xuân', 'Nữ', '1996-02-04', '0912345614', 'xuanmt1996@gmail.com', 'Quận 6, TP.HCM', 'ACTIVE', '2025-01-28 14:15:00'),
(26, 'Nguyễn Văn Yên', 'Nam', '1998-10-20', '0912345615', 'yennv1998@gmail.com', 'Quận 8, TP.HCM', 'ACTIVE', '2025-02-01 08:30:00'),
(27, 'Trần Thị Ánh', 'Nữ', '2000-06-12', '0912345616', 'anhtt2000@gmail.com', 'Quận 4, TP.HCM', 'ACTIVE', '2025-02-02 10:00:00'),
(28, 'Lê Văn Bảo', 'Nam', '1997-12-25', '0912345617', 'baolv1997@gmail.com', 'Quận 9, TP.HCM', 'ACTIVE', '2025-02-03 11:45:00'),
(29, 'Phạm Thị Chi', 'Nữ', '1999-08-08', '0912345618', 'chipt1999@gmail.com', 'Nhà Bè, TP.HCM', 'ACTIVE', '2025-02-04 13:20:00'),
(30, 'Hoàng Văn Đạt', 'Nam', '2001-04-30', '0912345619', 'dathv2001@gmail.com', 'Hóc Môn, TP.HCM', 'ACTIVE', '2025-02-05 15:00:00'),
(31, 'Võ Thị Diễm', 'Nữ', '1996-11-18', '0912345620', 'diemvt1996@gmail.com', 'Củ Chi, TP.HCM', 'ACTIVE', '2025-02-06 08:15:00'),
(32, 'Đặng Văn Em', 'Nam', '1998-07-06', '0912345621', 'emdv1998@gmail.com', 'Biên Hòa, Đồng Nai', 'ACTIVE', '2025-02-07 09:30:00'),
(33, 'Bùi Thị Phượng', 'Nữ', '2000-03-22', '0912345622', 'phuongbt2000@gmail.com', 'Dĩ An, Bình Dương', 'ACTIVE', '2025-02-08 10:45:00'),
(34, 'Trương Văn Giang', 'Nam', '1997-09-14', '0912345623', 'giangtv1997@gmail.com', 'Thuận An, Bình Dương', 'ACTIVE', '2025-02-09 12:00:00'),
(35, 'Ngô Thị Hồng', 'Nữ', '1999-05-26', '0912345624', 'hongnt1999@gmail.com', 'Tân Uyên, Bình Dương', 'ACTIVE', '2025-02-10 13:30:00'),
(36, 'Lý Văn Kiên', 'Nam', '2001-01-08', '0912345625', 'kienlv2001@gmail.com', 'Long Thành, Đồng Nai', 'ACTIVE', '2025-02-11 14:45:00'),
(37, 'Phan Thị Linh', 'Nữ', '1996-08-19', '0912345626', 'linhpt1996@gmail.com', 'Trảng Bom, Đồng Nai', 'ACTIVE', '2025-02-12 08:00:00'),
(38, 'Đỗ Văn Minh', 'Nam', '1998-04-02', '0912345627', 'minhdv1998@gmail.com', 'Nhơn Trạch, Đồng Nai', 'ACTIVE', '2025-02-13 09:15:00'),
(39, 'Mai Thị Nga', 'Nữ', '2000-12-14', '0912345628', 'ngamt2000@gmail.com', 'Vũng Tàu, Bà Rịa-VT', 'ACTIVE', '2025-02-14 10:30:00'),
(40, 'Nguyễn Văn Phong', 'Nam', '1997-06-28', '0912345629', 'phongnv1997@gmail.com', 'Bà Rịa, Bà Rịa-VT', 'ACTIVE', '2025-02-15 11:45:00'),
(41, 'Trần Thị Quế', 'Nữ', '1999-02-10', '0912345630', 'quett1999@gmail.com', 'Long Điền, Bà Rịa-VT', 'ACTIVE', '2025-02-16 13:00:00'),
(42, 'Lê Văn Sang', 'Nam', '2001-10-22', '0912345631', 'sanglev2001@gmail.com', 'Tây Ninh, Tây Ninh', 'ACTIVE', '2025-02-17 14:15:00'),
(43, 'Phạm Thị Thảo', 'Nữ', '1996-05-04', '0912345632', 'thaopt1996@gmail.com', 'Bình Dương, Bình Dương', 'ACTIVE', '2025-02-18 15:30:00'),
(44, 'Hoàng Văn Út', 'Nam', '1998-01-16', '0912345633', 'uthv1998@gmail.com', 'Long An, Long An', 'ACTIVE', '2025-02-19 08:45:00'),
(45, 'Võ Thị Vân', 'Nữ', '2000-09-28', '0912345634', 'vanvt2000@gmail.com', 'Tiền Giang, Tiền Giang', 'ACTIVE', '2025-02-20 10:00:00'),
(46, 'Đặng Văn Xuân', 'Nam', '1997-05-10', '0912345635', 'xuandv1997@gmail.com', 'Bến Tre, Bến Tre', 'ACTIVE', '2025-02-21 11:15:00'),
(47, 'Bùi Thị Yến', 'Nữ', '1999-01-22', '0912345636', 'yenbt1999@gmail.com', 'Cần Thơ, Cần Thơ', 'ACTIVE', '2025-02-22 12:30:00'),
(48, 'Trương Văn An', 'Nam', '2001-08-04', '0912345637', 'antv2001@gmail.com', 'Quận 1, TP.HCM', 'ACTIVE', '2025-02-23 13:45:00'),
(49, 'Ngô Thị Bích', 'Nữ', '1996-04-16', '0912345638', 'bichnt1996@gmail.com', 'Quận 2, TP.HCM', 'ACTIVE', '2025-02-24 14:00:00'),
(50, 'Lý Văn Cường', 'Nam', '1998-12-28', '0912345639', 'cuonglv1998@gmail.com', 'Quận 3, TP.HCM', 'ACTIVE', '2025-02-25 15:15:00'),
(51, 'Phan Thị Dung', 'Nữ', '2000-08-09', '0912345640', 'dungpt2000@gmail.com', 'Quận 5, TP.HCM', 'ACTIVE', '2025-02-26 08:30:00'),
(52, 'Đỗ Văn Hùng', 'Nam', '1997-04-21', '0912345641', 'hungdv1997@gmail.com', 'Quận 7, TP.HCM', 'ACTIVE', '2025-02-27 09:45:00'),
(53, 'Mai Thị Liên', 'Nữ', '1999-12-03', '0912345642', 'lientm1999@gmail.com', 'Tân Bình, TP.HCM', 'ACTIVE', '2025-02-28 11:00:00'),
(54, 'Nguyễn Văn Mạnh', 'Nam', '2001-06-15', '0912345643', 'manhnv2001@gmail.com', 'Bình Thạnh, TP.HCM', 'ACTIVE', '2025-03-01 12:15:00'),
(55, 'Trần Thị Nhung', 'Nữ', '1996-02-27', '0912345644', 'nhungtt1996@gmail.com', 'Phú Nhuận, TP.HCM', 'ACTIVE', '2025-03-02 13:30:00'),
(56, 'Lê Văn Phát', 'Nam', '1998-10-09', '0912345645', 'phatlv1998@gmail.com', 'Quận 10, TP.HCM', 'ACTIVE', '2025-03-03 14:45:00'),
(57, 'Phạm Thị Quyên', 'Nữ', '2000-06-21', '0912345646', 'quyenpt2000@gmail.com', 'Quận 11, TP.HCM', 'ACTIVE', '2025-03-04 08:00:00'),
(58, 'Hoàng Văn Sỹ', 'Nam', '1997-02-03', '0912345647', 'syhv1997@gmail.com', 'Tân Phú, TP.HCM', 'ACTIVE', '2025-03-05 09:15:00'),
(59, 'Võ Thị Tâm', 'Nữ', '1999-10-15', '0912345648', 'tamvt1999@gmail.com', 'Gò Vấp, TP.HCM', 'ACTIVE', '2025-03-06 10:30:00'),
(60, 'Đặng Văn Uy', 'Nam', '2001-05-27', '0912345649', 'uydv2001@gmail.com', 'Quận 12, TP.HCM', 'ACTIVE', '2025-03-07 11:45:00'),
(61, 'Bùi Thị Vũ', 'Nữ', '1996-01-09', '0912345650', 'vubt1996@gmail.com', 'Thủ Đức, TP.HCM', 'ACTIVE', '2025-03-08 13:00:00'),
(62, 'Trương Văn Xuyên', 'Nam', '1998-09-21', '0912345651', 'xuyentv1998@gmail.com', 'Bình Tân, TP.HCM', 'ACTIVE', '2025-03-09 14:15:00'),
(63, 'Ngô Thị Yên', 'Nữ', '2000-05-03', '0912345652', 'yennt2000@gmail.com', 'Quận 6, TP.HCM', 'ACTIVE', '2025-03-10 15:30:00'),
(64, 'Lý Văn Bằng', 'Nam', '1997-01-15', '0912345653', 'banglv1997@gmail.com', 'Quận 8, TP.HCM', 'ACTIVE', '2025-03-11 08:45:00'),
(65, 'Phan Thị Cẩm', 'Nữ', '1999-08-27', '0912345654', 'campt1999@gmail.com', 'Quận 4, TP.HCM', 'ACTIVE', '2025-03-12 10:00:00'),
(66, 'Đỗ Văn Duy', 'Nam', '2001-04-09', '0912345655', 'duydv2001@gmail.com', 'Quận 9, TP.HCM', 'ACTIVE', '2025-03-13 11:15:00'),
(67, 'Mai Thị Hà', 'Nữ', '1996-12-21', '0912345656', 'hamt1996@gmail.com', 'Nhà Bè, TP.HCM', 'ACTIVE', '2025-03-14 12:30:00'),
(68, 'Nguyễn Văn Khánh', 'Nam', '1998-07-03', '0912345657', 'khanhnv1998@gmail.com', 'Hóc Môn, TP.HCM', 'ACTIVE', '2025-03-15 13:45:00'),
(69, 'Trần Thị Lệ', 'Nữ', '2000-03-15', '0912345658', 'lett2000@gmail.com', 'Củ Chi, TP.HCM', 'ACTIVE', '2025-03-16 14:00:00'),
(70, 'Lê Văn Mỹ', 'Nam', '1997-11-27', '0912345659', 'mylv1997@gmail.com', 'Biên Hòa, Đồng Nai', 'ACTIVE', '2025-03-17 15:15:00'),
(71, 'Phạm Thị Nhi', 'Nữ', '1999-06-09', '0912345660', 'nhipt1999@gmail.com', 'Dĩ An, Bình Dương', 'ACTIVE', '2025-03-18 08:30:00'),
(72, 'Hoàng Văn Phú', 'Nam', '2001-02-21', '0912345661', 'phuhv2001@gmail.com', 'Thuận An, Bình Dương', 'ACTIVE', '2025-03-19 09:45:00'),
(73, 'Võ Thị Quý', 'Nữ', '1996-10-03', '0912345662', 'quyvt1996@gmail.com', 'Tân Uyên, Bình Dương', 'ACTIVE', '2025-03-20 11:00:00'),
(74, 'Đặng Văn Rộng', 'Nam', '1998-05-15', '0912345663', 'rongdv1998@gmail.com', 'Long Thành, Đồng Nai', 'ACTIVE', '2025-03-21 12:15:00'),
(75, 'Bùi Thị Sen', 'Nữ', '2000-01-27', '0912345664', 'senbt2000@gmail.com', 'Trảng Bom, Đồng Nai', 'ACTIVE', '2025-03-22 13:30:00'),
(76, 'Trương Văn Tài', 'Nam', '1997-09-08', '0912345665', 'taitv1997@gmail.com', 'Nhơn Trạch, Đồng Nai', 'ACTIVE', '2025-03-23 14:45:00'),
(77, 'Ngô Thị Uyển', 'Nữ', '1999-04-20', '0912345666', 'uyennt1999@gmail.com', 'Vũng Tàu, Bà Rịa-VT', 'ACTIVE', '2025-03-24 08:00:00'),
(78, 'Lý Văn Việt', 'Nam', '2001-12-02', '0912345667', 'vietlv2001@gmail.com', 'Bà Rịa, Bà Rịa-VT', 'ACTIVE', '2025-03-25 09:15:00'),
(79, 'Phan Thị Xuân', 'Nữ', '1996-07-14', '0912345668', 'xuanpt1996@gmail.com', 'Long Điền, Bà Rịa-VT', 'ACTIVE', '2025-03-26 10:30:00'),
(80, 'Đỗ Văn Yên', 'Nam', '1998-03-26', '0912345669', 'yendv1998@gmail.com', 'Tây Ninh, Tây Ninh', 'ACTIVE', '2025-03-27 11:45:00'),
(81, 'Mai Thị Anh', 'Nữ', '2000-11-07', '0912345670', 'anhmt2000@gmail.com', 'Bình Dương, Bình Dương', 'ACTIVE', '2025-03-28 13:00:00'),
(82, 'Nguyễn Văn Bình', 'Nam', '1997-06-19', '0912345671', 'binhnv1997@gmail.com', 'Long An, Long An', 'ACTIVE', '2025-03-29 14:15:00'),
(83, 'Trần Thị Châu', 'Nữ', '1999-02-01', '0912345672', 'chautt1999@gmail.com', 'Tiền Giang, Tiền Giang', 'ACTIVE', '2025-03-30 15:30:00'),
(84, 'Lê Văn Dương', 'Nam', '2001-10-13', '0912345673', 'duonglv2001@gmail.com', 'Bến Tre, Bến Tre', 'ACTIVE', '2025-03-31 08:45:00'),
(85, 'Phạm Thị Hiền', 'Nữ', '1996-05-25', '0912345674', 'hienpt1996@gmail.com', 'Cần Thơ, Cần Thơ', 'ACTIVE', '2025-04-01 10:00:00'),
(86, 'Hoàng Văn Khoa', 'Nam', '1998-01-07', '0912345675', 'khoahv1998@gmail.com', 'Quận 1, TP.HCM', 'ACTIVE', '2025-04-02 11:15:00'),
(87, 'Võ Thị Linh', 'Nữ', '2000-09-19', '0912345676', 'linhvt2000@gmail.com', 'Quận 2, TP.HCM', 'ACTIVE', '2025-04-03 12:30:00'),
(88, 'Đặng Văn Minh', 'Nam', '1997-04-01', '0912345677', 'minhdv1997@gmail.com', 'Quận 3, TP.HCM', 'ACTIVE', '2025-04-04 13:45:00'),
(89, 'Bùi Thị Ngọc', 'Nữ', '1999-12-13', '0912345678', 'ngocbt1999@gmail.com', 'Quận 5, TP.HCM', 'ACTIVE', '2025-04-05 14:00:00'),
(90, 'Trương Văn Phi', 'Nam', '2001-07-25', '0912345679', 'phitv2001@gmail.com', 'Quận 7, TP.HCM', 'ACTIVE', '2025-04-06 15:15:00'),
(91, 'Ngô Thị Quyên', 'Nữ', '1996-03-07', '0912345680', 'quyennt1996@gmail.com', 'Tân Bình, TP.HCM', 'ACTIVE', '2025-04-07 08:30:00'),
(92, 'Lý Văn Sơn', 'Nam', '1998-11-19', '0912345681', 'sonlv1998@gmail.com', 'Bình Thạnh, TP.HCM', 'ACTIVE', '2025-04-08 09:45:00'),
(93, 'Phan Thị Thư', 'Nữ', '2000-06-01', '0912345682', 'thupt2000@gmail.com', 'Phú Nhuận, TP.HCM', 'ACTIVE', '2025-04-09 11:00:00'),
(94, 'Đỗ Văn Tùng', 'Nam', '1997-02-13', '0912345683', 'tungdv1997@gmail.com', 'Quận 10, TP.HCM', 'ACTIVE', '2025-04-10 12:15:00'),
(95, 'Mai Thị Uyên', 'Nữ', '1999-10-25', '0912345684', 'uyenmt1999@gmail.com', 'Quận 11, TP.HCM', 'ACTIVE', '2025-04-11 13:30:00'),
(96, 'Nguyễn Văn Vũ', 'Nam', '2001-05-07', '0912345685', 'vunv2001@gmail.com', 'Tân Phú, TP.HCM', 'ACTIVE', '2025-04-12 14:45:00'),
(97, 'Trần Thị Xuân', 'Nữ', '1996-01-19', '0912345686', 'xuantt1996@gmail.com', 'Gò Vấp, TP.HCM', 'ACTIVE', '2025-04-13 08:00:00'),
(98, 'Lê Văn Yên', 'Nam', '1998-08-31', '0912345687', 'yenlv1998@gmail.com', 'Quận 12, TP.HCM', 'ACTIVE', '2025-04-14 09:15:00'),
(99, 'Phạm Thị Bảo', 'Nữ', '2000-04-12', '0912345688', 'baopt2000@gmail.com', 'Thủ Đức, TP.HCM', 'ACTIVE', '2025-04-15 10:30:00'),
(100, 'Hoàng Văn Chi', 'Nam', '1997-12-24', '0912345689', 'chihv1997@gmail.com', 'Bình Tân, TP.HCM', 'ACTIVE', '2025-04-16 11:45:00'),
(101, 'Võ Thị Diệp', 'Nữ', '1999-07-06', '0912345690', 'diepvt1999@gmail.com', 'Quận 6, TP.HCM', 'ACTIVE', '2025-04-17 13:00:00'),
(102, 'Đặng Văn Hải', 'Nam', '2001-03-18', '0912345691', 'haidv2001@gmail.com', 'Quận 8, TP.HCM', 'ACTIVE', '2025-04-18 14:15:00'),
(103, 'Bùi Thị Khánh', 'Nữ', '1996-11-30', '0912345692', 'khanhbt1996@gmail.com', 'Quận 4, TP.HCM', 'ACTIVE', '2025-04-19 15:30:00'),
(104, 'Trương Văn Lâm', 'Nam', '1998-06-12', '0912345693', 'lamtv1998@gmail.com', 'Quận 9, TP.HCM', 'ACTIVE', '2025-04-20 08:45:00'),
(105, 'Ngô Thị Mai', 'Nữ', '2000-02-24', '0912345694', 'maint2000@gmail.com', 'Nhà Bè, TP.HCM', 'ACTIVE', '2025-04-21 10:00:00'),
(106, 'Lý Văn Nghĩa', 'Nam', '1997-10-06', '0912345695', 'nghialv1997@gmail.com', 'Hóc Môn, TP.HCM', 'ACTIVE', '2025-04-22 11:15:00'),
(107, 'Phan Thị Phương', 'Nữ', '1999-05-18', '0912345696', 'phuongpt1999@gmail.com', 'Củ Chi, TP.HCM', 'ACTIVE', '2025-04-23 12:30:00'),
(108, 'Đỗ Văn Quang', 'Nam', '2001-01-30', '0912345697', 'quangdv2001@gmail.com', 'Biên Hòa, Đồng Nai', 'ACTIVE', '2025-04-24 13:45:00'),
(109, 'Mai Thị Sương', 'Nữ', '1996-09-11', '0912345698', 'suongmt1996@gmail.com', 'Dĩ An, Bình Dương', 'ACTIVE', '2025-04-25 14:00:00'),
(111, 'Trương Văn An', 'Nam', '2000-08-05', '0912345700', 'anvt2000@gmail.com', 'Tân Uyên, Bình Dương', 'ACTIVE', '2025-04-27 08:30:00'),
(110, 'Nguyễn Văn Thành', 'Nam', '1998-04-23', '0912345699', 'thanhnv1998@gmail.com', 'Thuận An, Bình Dương', 'ACTIVE', '2025-04-26 15:15:00'),
(112, 'Lê Văn Đức', 'Nam', '1997-07-17', '0912345701', 'duclv1997@gmail.com', 'Long Thành, Đồng Nai', 'ACTIVE', '2025-04-28 09:45:00'),
(113, 'Phạm Thị Hương', 'Nữ', '1999-03-29', '0912345702', 'huongpt1999@gmail.com', 'Trảng Bom, Đồng Nai', 'ACTIVE', '2025-04-29 11:00:00'),
(114, 'Hoàng Văn Khôi', 'Nam', '2001-11-10', '0912345703', 'khoihv2001@gmail.com', 'Nhơn Trạch, Đồng Nai', 'ACTIVE', '2025-04-30 12:15:00'),
(115, 'Võ Thị Loan', 'Nữ', '1996-06-22', '0912345704', 'loanvt1996@gmail.com', 'Vũng Tàu, Bà Rịa-VT', 'ACTIVE', '2025-05-01 13:30:00'),
(116, 'Đặng Văn Nhật', 'Nam', '1998-02-04', '0912345705', 'nhatdv1998@gmail.com', 'Bà Rịa, Bà Rịa-VT', 'ACTIVE', '2025-05-02 14:45:00'),
(117, 'Bùi Thị Oanh', 'Nữ', '2000-10-16', '0912345706', 'oanhbt2000@gmail.com', 'Long Điền, Bà Rịa-VT', 'ACTIVE', '2025-05-03 08:00:00'),
(118, 'Trương Văn Phong', 'Nam', '1997-05-28', '0912345707', 'phongtv1997@gmail.com', 'Tây Ninh, Tây Ninh', 'ACTIVE', '2025-05-04 09:15:00'),
(119, 'Ngô Thị Quỳnh', 'Nữ', '1999-01-10', '0912345708', 'quynhnt1999@gmail.com', 'Bình Dương, Bình Dương', 'ACTIVE', '2025-05-05 10:30:00'),
(120, 'Lý Văn Sang', 'Nam', '2001-08-22', '0912345709', 'sanglv2001@gmail.com', 'Long An, Long An', 'ACTIVE', '2025-05-06 11:45:00'),
(121, 'Phan Thị Trang', 'Nữ', '1996-04-04', '0912345710', 'trangpt1996@gmail.com', 'Tiền Giang, Tiền Giang', 'ACTIVE', '2025-05-07 13:00:00'),
(122, 'Đỗ Văn Út', 'Nam', '1998-12-16', '0912345711', 'utdv1998@gmail.com', 'Bến Tre, Bến Tre', 'ACTIVE', '2025-05-08 14:15:00'),
(123, 'Mai Thị Vân', 'Nữ', '2000-07-28', '0912345712', 'vanmt2000@gmail.com', 'Cần Thơ, Cần Thơ', 'ACTIVE', '2025-05-09 15:30:00'),
(124, 'Nguyễn Văn Xuân', 'Nam', '1997-03-10', '0912345713', 'xuannv1997@gmail.com', 'Quận 1, TP.HCM', 'ACTIVE', '2025-05-10 08:45:00'),
(125, 'Trần Thị Yến', 'Nữ', '1999-11-22', '0912345714', 'yentt1999@gmail.com', 'Quận 2, TP.HCM', 'ACTIVE', '2025-05-11 10:00:00'),
(126, 'Lê Văn Bảo', 'Nam', '2001-06-04', '0912345715', 'baolv2001@gmail.com', 'Quận 3, TP.HCM', 'ACTIVE', '2025-05-12 11:15:00'),
(127, 'Phạm Thị Cẩm', 'Nữ', '1996-02-16', '0912345716', 'campt1996@gmail.com', 'Quận 5, TP.HCM', 'ACTIVE', '2025-05-13 12:30:00'),
(128, 'Hoàng Văn Đạt', 'Nam', '1998-09-28', '0912345717', 'dathv1998@gmail.com', 'Quận 7, TP.HCM', 'ACTIVE', '2025-05-14 13:45:00'),
(129, 'Võ Thị Em', 'Nữ', '2000-05-10', '0912345718', 'emvt2000@gmail.com', 'Tân Bình, TP.HCM', 'ACTIVE', '2025-05-15 14:00:00'),
(130, 'Đặng Văn Giang', 'Nam', '1997-01-22', '0912345719', 'giangdv1997@gmail.com', 'Bình Thạnh, TP.HCM', 'ACTIVE', '2025-05-16 15:15:00'),
(131, 'Bùi Thị Hồng', 'Nữ', '1999-09-03', '0912345720', 'hongbt1999@gmail.com', 'Phú Nhuận, TP.HCM', 'ACTIVE', '2025-05-17 08:30:00'),
(132, 'Trương Văn Kiên', 'Nam', '2001-04-15', '0912345721', 'kientv2001@gmail.com', 'Quận 10, TP.HCM', 'ACTIVE', '2025-05-18 09:45:00'),
(133, 'Ngô Thị Liên', 'Nữ', '1996-12-27', '0912345722', 'lientnt1996@gmail.com', 'Quận 11, TP.HCM', 'ACTIVE', '2025-05-19 11:00:00'),
(134, 'Lý Văn Mạnh', 'Nam', '1998-07-09', '0912345723', 'manhlv1998@gmail.com', 'Tân Phú, TP.HCM', 'ACTIVE', '2025-05-20 12:15:00'),
(135, 'Phan Thị Nga', 'Nữ', '2000-03-21', '0912345724', 'ngapt2000@gmail.com', 'Gò Vấp, TP.HCM', 'ACTIVE', '2025-05-21 13:30:00'),
(136, 'Đỗ Văn Phúc', 'Nam', '1997-11-02', '0912345725', 'phucdv1997@gmail.com', 'Quận 12, TP.HCM', 'ACTIVE', '2025-05-22 14:45:00'),
(137, 'Mai Thị Quế', 'Nữ', '1999-06-14', '0912345726', 'quemt1999@gmail.com', 'Thủ Đức, TP.HCM', 'ACTIVE', '2025-05-23 08:00:00'),
(138, 'Nguyễn Văn Sỹ', 'Nam', '2001-02-26', '0912345727', 'synv2001@gmail.com', 'Bình Tân, TP.HCM', 'ACTIVE', '2025-05-24 09:15:00'),
(139, 'Trần Thị Tâm', 'Nữ', '1996-10-08', '0912345728', 'tamtt1996@gmail.com', 'Quận 6, TP.HCM', 'ACTIVE', '2025-05-25 10:30:00'),
(140, 'Lê Văn Út', 'Nam', '1998-05-20', '0912345729', 'utlv1998@gmail.com', 'Quận 8, TP.HCM', 'ACTIVE', '2025-05-26 11:45:00'),
(141, 'Phạm Thị Vân', 'Nữ', '2000-01-02', '0912345730', 'vanpt2000@gmail.com', 'Quận 4, TP.HCM', 'ACTIVE', '2025-05-27 13:00:00'),
(142, 'Hoàng Văn Xuân', 'Nam', '1997-08-14', '0912345731', 'xuanhv1997@gmail.com', 'Quận 9, TP.HCM', 'ACTIVE', '2025-05-28 14:15:00'),
(143, 'Võ Thị Yên', 'Nữ', '1999-04-26', '0912345732', 'yenvt1999@gmail.com', 'Nhà Bè, TP.HCM', 'ACTIVE', '2025-05-29 15:30:00'),
(144, 'Đặng Văn An', 'Nam', '2001-12-08', '0912345733', 'andv2001@gmail.com', 'Hóc Môn, TP.HCM', 'ACTIVE', '2025-05-30 08:45:00'),
(145, 'Bùi Thị Bích', 'Nữ', '1996-07-20', '0912345734', 'bichbt1996@gmail.com', 'Củ Chi, TP.HCM', 'ACTIVE', '2025-05-31 10:00:00'),
(146, 'Trương Văn Cường', 'Nam', '1998-03-02', '0912345735', 'cuongtv1998@gmail.com', 'Biên Hòa, Đồng Nai', 'ACTIVE', '2025-06-01 11:15:00'),
(147, 'Ngô Thị Dung', 'Nữ', '2000-11-14', '0912345736', 'dungnt2000@gmail.com', 'Dĩ An, Bình Dương', 'ACTIVE', '2025-06-02 12:30:00'),
(148, 'Lý Văn Em', 'Nam', '1997-06-26', '0912345737', 'emlv1997@gmail.com', 'Thuận An, Bình Dương', 'ACTIVE', '2025-06-03 13:45:00'),
(149, 'Phan Thị Giang', 'Nữ', '1999-02-08', '0912345738', 'giangpt1999@gmail.com', 'Tân Uyên, Bình Dương', 'ACTIVE', '2025-06-04 14:00:00'),
(150, 'Đỗ Văn Hùng', 'Nam', '2001-09-20', '0912345739', 'hungdv2001@gmail.com', 'Long Thành, Đồng Nai', 'ACTIVE', '2025-06-05 15:15:00'),
(151, 'Mai Thị Khánh', 'Nữ', '1996-05-02', '0912345740', 'khanhmt1996@gmail.com', 'Trảng Bom, Đồng Nai', 'ACTIVE', '2025-06-06 08:30:00'),
(152, 'Nguyễn Văn Lâm', 'Nam', '1998-01-14', '0912345741', 'lamnv1998@gmail.com', 'Nhơn Trạch, Đồng Nai', 'ACTIVE', '2025-06-07 09:45:00'),
(153, 'Trần Thị Minh', 'Nữ', '2000-08-26', '0912345742', 'minhtt2000@gmail.com', 'Vũng Tàu, Bà Rịa-VT', 'ACTIVE', '2025-06-08 11:00:00'),
(154, 'Lê Văn Phong', 'Nam', '1997-04-08', '0912345743', 'phonglv1997@gmail.com', 'Bà Rịa, Bà Rịa-VT', 'ACTIVE', '2025-06-09 12:15:00'),
(155, 'Phạm Thị Quỳnh', 'Nữ', '1999-12-20', '0912345744', 'quynhpt1999@gmail.com', 'Long Điền, Bà Rịa-VT', 'ACTIVE', '2025-06-10 13:30:00'),
(156, 'Hoàng Văn Sang', 'Nam', '2001-07-02', '0912345745', 'sanghv2001@gmail.com', 'Tây Ninh, Tây Ninh', 'ACTIVE', '2025-06-11 14:45:00'),
(157, 'Võ Thị Thảo', 'Nữ', '1996-03-14', '0912345746', 'thaovt1996@gmail.com', 'Bình Dương, Bình Dương', 'ACTIVE', '2025-06-12 08:00:00'),
(158, 'Đặng Văn Uy', 'Nam', '1998-10-26', '0912345747', 'uydv1998@gmail.com', 'Long An, Long An', 'ACTIVE', '2025-06-13 09:15:00'),
(159, 'Bùi Thị Vũ', 'Nữ', '2000-06-08', '0912345748', 'vubt2000@gmail.com', 'Tiền Giang, Tiền Giang', 'ACTIVE', '2025-06-14 10:30:00'),
(160, 'Trương Văn Xuyên', 'Nam', '1997-02-20', '0912345749', 'xuyentv1997@gmail.com', 'Bến Tre, Bến Tre', 'ACTIVE', '2025-06-15 11:45:00');

-- --------------------------------------------------------

--
-- Table structure for table `hopdong`
--

CREATE TABLE `hopdong` (
  `MAHD` int(10) UNSIGNED NOT NULL,
  `MAHV` int(10) UNSIGNED NOT NULL,
  `MALG` int(10) UNSIGNED NOT NULL,
  `NGAYBD` date NOT NULL,
  `NGAYKT` date NOT NULL,
  `TRANGTHAI` enum('ACTIVE','PAUSED','EXPIRED','CANCELLED') NOT NULL DEFAULT 'ACTIVE'
) ENGINE=InnoDB DEFAULT CHARSET=utf8mb4 COLLATE=utf8mb4_general_ci;

--
-- Dumping data for table `hopdong`
--

INSERT INTO `hopdong` (`MAHD`, `MAHV`, `MALG`, `NGAYBD`, `NGAYKT`, `TRANGTHAI`) VALUES
(1, 1, 1, '2025-11-01', '2025-12-01', 'ACTIVE'),
(2, 2, 2, '2025-11-01', '2026-01-30', 'ACTIVE'),
(3, 3, 3, '2025-11-01', '2026-10-31', 'ACTIVE'),
(4, 4, 1, '2025-01-10', '2025-02-09', 'ACTIVE'),
(5, 5, 2, '2025-01-15', '2025-04-14', 'ACTIVE'),
(6, 6, 3, '2025-02-01', '2026-01-31', 'ACTIVE'),
(7, 7, 1, '2025-02-05', '2025-03-07', 'ACTIVE'),
(8, 8, 2, '2025-02-10', '2025-05-11', 'ACTIVE'),
(9, 9, 3, '2025-02-15', '2026-02-14', 'ACTIVE'),
(10, 10, 1, '2025-03-01', '2025-03-31', 'ACTIVE'),
(11, 12, 1, '2025-03-05', '2025-04-04', 'ACTIVE'),
(12, 13, 2, '2025-03-10', '2025-06-08', 'ACTIVE'),
(13, 14, 1, '2025-03-15', '2025-04-14', 'ACTIVE'),
(14, 15, 3, '2025-03-20', '2026-03-19', 'ACTIVE'),
(15, 16, 2, '2025-04-01', '2025-06-30', 'ACTIVE'),
(16, 17, 1, '2025-04-05', '2025-05-05', 'ACTIVE'),
(17, 18, 2, '2025-04-10', '2025-07-09', 'ACTIVE'),
(18, 19, 3, '2025-04-15', '2026-04-14', 'ACTIVE'),
(19, 20, 1, '2025-04-20', '2025-05-20', 'ACTIVE'),
(20, 21, 2, '2025-05-01', '2025-07-30', 'ACTIVE'),
(21, 22, 3, '2025-05-05', '2026-05-04', 'ACTIVE'),
(22, 23, 1, '2025-05-10', '2025-06-09', 'ACTIVE'),
(23, 24, 2, '2025-05-15', '2025-08-13', 'ACTIVE'),
(24, 25, 1, '2025-05-20', '2025-06-19', 'ACTIVE'),
(25, 26, 3, '2025-06-01', '2026-05-31', 'ACTIVE'),
(26, 27, 2, '2025-06-05', '2025-09-03', 'ACTIVE'),
(27, 28, 1, '2025-06-10', '2025-07-10', 'ACTIVE'),
(28, 29, 2, '2025-06-15', '2025-09-13', 'ACTIVE'),
(29, 30, 3, '2025-06-20', '2026-06-19', 'ACTIVE'),
(30, 31, 1, '2025-07-01', '2025-07-31', 'ACTIVE'),
(31, 32, 2, '2025-07-05', '2025-10-03', 'ACTIVE'),
(32, 33, 3, '2025-07-10', '2026-07-09', 'ACTIVE'),
(33, 34, 1, '2025-07-15', '2025-08-14', 'ACTIVE'),
(34, 35, 2, '2025-07-20', '2025-10-18', 'ACTIVE'),
(35, 36, 1, '2025-08-01', '2025-08-31', 'ACTIVE'),
(36, 37, 3, '2025-08-05', '2026-08-04', 'ACTIVE'),
(37, 38, 2, '2025-08-10', '2025-11-08', 'ACTIVE'),
(38, 39, 1, '2025-08-15', '2025-09-14', 'ACTIVE'),
(39, 40, 2, '2025-08-20', '2025-11-18', 'ACTIVE'),
(40, 41, 3, '2025-09-01', '2026-08-31', 'ACTIVE'),
(41, 42, 1, '2025-09-05', '2025-10-05', 'ACTIVE'),
(42, 43, 2, '2025-09-10', '2025-12-09', 'ACTIVE'),
(43, 44, 1, '2025-09-15', '2025-10-15', 'ACTIVE'),
(44, 45, 3, '2025-09-20', '2026-09-19', 'ACTIVE'),
(45, 46, 2, '2025-10-01', '2025-12-30', 'ACTIVE'),
(46, 47, 1, '2025-10-05', '2025-11-04', 'ACTIVE'),
(47, 48, 2, '2025-10-10', '2026-01-08', 'ACTIVE'),
(48, 49, 3, '2025-10-15', '2026-10-14', 'ACTIVE'),
(49, 50, 1, '2025-10-20', '2025-11-19', 'ACTIVE'),
(50, 51, 2, '2025-11-01', '2026-01-30', 'ACTIVE'),
(51, 52, 3, '2025-01-20', '2026-01-19', 'ACTIVE'),
(52, 53, 1, '2025-02-20', '2025-03-22', 'ACTIVE'),
(53, 54, 2, '2025-03-25', '2025-06-23', 'ACTIVE'),
(54, 55, 1, '2025-04-25', '2025-05-25', 'ACTIVE'),
(55, 56, 3, '2025-05-25', '2026-05-24', 'ACTIVE'),
(56, 57, 2, '2025-06-25', '2025-09-23', 'ACTIVE'),
(57, 58, 1, '2025-07-25', '2025-08-24', 'ACTIVE'),
(58, 59, 2, '2025-08-25', '2025-11-23', 'ACTIVE'),
(59, 60, 3, '2025-09-25', '2026-09-24', 'ACTIVE'),
(60, 61, 1, '2025-10-25', '2025-11-24', 'ACTIVE'),
(61, 62, 2, '2025-02-12', '2025-05-13', 'ACTIVE'),
(62, 63, 3, '2025-03-12', '2026-03-11', 'ACTIVE'),
(63, 64, 1, '2025-04-12', '2025-05-12', 'ACTIVE'),
(64, 65, 2, '2025-05-12', '2025-08-10', 'ACTIVE'),
(65, 66, 1, '2025-06-12', '2025-07-12', 'ACTIVE'),
(66, 67, 3, '2025-07-12', '2026-07-11', 'ACTIVE'),
(67, 68, 2, '2025-08-12', '2025-11-10', 'ACTIVE'),
(68, 69, 1, '2025-09-12', '2025-10-12', 'ACTIVE'),
(69, 70, 2, '2025-10-12', '2026-01-10', 'ACTIVE'),
(70, 71, 3, '2025-01-08', '2026-01-07', 'ACTIVE'),
(71, 72, 1, '2025-02-08', '2025-03-10', 'ACTIVE'),
(72, 73, 2, '2025-03-08', '2025-06-06', 'ACTIVE'),
(73, 74, 1, '2025-04-08', '2025-05-08', 'ACTIVE'),
(74, 75, 3, '2025-05-08', '2026-05-07', 'ACTIVE'),
(75, 76, 2, '2025-06-08', '2025-09-06', 'ACTIVE'),
(76, 77, 1, '2025-07-08', '2025-08-07', 'ACTIVE'),
(77, 78, 2, '2025-08-08', '2025-11-06', 'ACTIVE'),
(78, 79, 3, '2025-09-08', '2026-09-07', 'ACTIVE'),
(79, 80, 1, '2025-10-08', '2025-11-07', 'ACTIVE'),
(80, 81, 2, '2025-01-18', '2025-04-18', 'ACTIVE'),
(81, 82, 3, '2025-02-18', '2026-02-17', 'ACTIVE'),
(82, 83, 1, '2025-03-18', '2025-04-17', 'ACTIVE'),
(83, 84, 2, '2025-04-18', '2025-07-17', 'ACTIVE'),
(84, 85, 1, '2025-05-18', '2025-06-17', 'ACTIVE'),
(85, 86, 3, '2025-06-18', '2026-06-17', 'ACTIVE'),
(86, 87, 2, '2025-07-18', '2025-10-16', 'ACTIVE'),
(87, 88, 1, '2025-08-18', '2025-09-17', 'ACTIVE'),
(88, 89, 2, '2025-09-18', '2025-12-17', 'ACTIVE'),
(89, 90, 3, '2025-10-18', '2026-10-17', 'ACTIVE'),
(90, 91, 1, '2025-01-25', '2025-02-24', 'ACTIVE'),
(91, 92, 2, '2025-02-25', '2025-05-26', 'ACTIVE'),
(92, 93, 3, '2025-03-28', '2026-03-27', 'ACTIVE'),
(93, 94, 1, '2025-04-28', '2025-05-28', 'ACTIVE'),
(94, 95, 2, '2025-05-28', '2025-08-26', 'ACTIVE'),
(95, 96, 1, '2025-06-28', '2025-07-28', 'ACTIVE'),
(96, 97, 3, '2025-07-28', '2026-07-27', 'ACTIVE'),
(97, 98, 2, '2025-08-28', '2025-11-26', 'ACTIVE'),
(98, 99, 1, '2025-09-28', '2025-10-28', 'ACTIVE'),
(99, 100, 2, '2025-10-28', '2026-01-26', 'ACTIVE'),
(100, 101, 3, '2025-02-03', '2026-02-02', 'ACTIVE'),
(101, 102, 1, '2025-03-03', '2025-04-02', 'EXPIRED'),
(102, 103, 2, '2024-12-01', '2025-02-28', 'EXPIRED');

-- --------------------------------------------------------

--
-- Table structure for table `khu`
--

CREATE TABLE `khu` (
  `MAKHU` int(10) UNSIGNED NOT NULL,
  `TENKHU` varchar(100) NOT NULL,
  `LOAIKHU` varchar(10) DEFAULT NULL
) ENGINE=InnoDB DEFAULT CHARSET=utf8mb4 COLLATE=utf8mb4_general_ci;

--
-- Dumping data for table `khu`
--

INSERT INTO `khu` (`MAKHU`, `TENKHU`, `LOAIKHU`) VALUES
(1, 'Khu Gym Tổng Hợp', 'GYM'),
(2, 'Khu Hồ Bơi Ngoài Trời', 'POOL'),
(3, 'Phòng Yoga Tầng 2', 'STUDIO'),
(4, 'Khu Hồ Bơi Trong Nhà', 'POOL'),
(5, 'Sân Futsal', 'FUTSAL'),
(6, 'Sân Bóng Chuyền', 'VOLLEY'),
(7, 'Sân Bóng Rổ', 'BASKET'),
(8, 'Sân Cầu Lông (4 sân)', 'BADMINT'),
(9, 'Sân Bóng Đá 11 Người', 'FOOTBAL'),
(10, 'Sân Pickleball', 'PICKLE'),
(11, 'Khu Máy Tập Tạ Lớn', 'GYM'),
(13, 'Phòng Boxing & Kickboxing', 'BOXING');

-- --------------------------------------------------------

--
-- Table structure for table `khuyenmai`
--

CREATE TABLE `khuyenmai` (
  `MAKM` int(10) UNSIGNED NOT NULL,
  `CODE` varchar(50) NOT NULL,
  `LOAI` enum('PERCENT','AMOUNT') NOT NULL,
  `GIATRI` decimal(12,2) NOT NULL,
  `NGAYBD` date NOT NULL,
  `NGAYKT` date NOT NULL,
  `MOTA` text DEFAULT NULL
) ENGINE=InnoDB DEFAULT CHARSET=utf8mb4 COLLATE=utf8mb4_general_ci;

--
-- Dumping data for table `khuyenmai`
--

INSERT INTO `khuyenmai` (`MAKM`, `CODE`, `LOAI`, `GIATRI`, `NGAYBD`, `NGAYKT`, `MOTA`) VALUES
(1, 'NEWYEAR10', 'PERCENT', 10.00, '2024-12-25', '2026-01-10', 'Giảm 10% dịp năm mới'),
(2, 'WELCOME100', 'AMOUNT', 100000.00, '2024-11-01', '2026-03-31', 'Giảm 100k cho hợp đồng đầu tiên'),
(3, 'SUMMER15', 'PERCENT', 15.00, '2025-05-01', '2025-08-31', 'Giảm 15% mùa hè'),
(6, 'MEMBER20', 'PERCENT', 20.00, '2025-01-01', '2025-12-31', 'Giảm 20% cho thành viên cũ'),
(9, 'FLASH50', 'AMOUNT', 50000.00, '2025-06-01', '2025-06-30', 'Giảm 50k flash sale'),
(10, 'VIP25', 'PERCENT', 25.00, '2025-01-01', '2025-12-31', 'Giảm 25% gói VIP');
-- --------------------------------------------------------

--
-- Table structure for table `loaigoi`
--

CREATE TABLE `loaigoi` (
  `MALG` int(10) UNSIGNED NOT NULL,
  `TENLG` varchar(100) NOT NULL,
  `THOIHAN` int(10) UNSIGNED NOT NULL,
  `GIA` decimal(12,2) NOT NULL,
  `CAPDO` enum('BASIC','STANDARD','VIP') NOT NULL,
  `MOTA` text DEFAULT NULL
) ENGINE=InnoDB DEFAULT CHARSET=utf8mb4 COLLATE=utf8mb4_general_ci;

--
-- Dumping data for table `loaigoi`
--

INSERT INTO `loaigoi` (`MALG`, `TENLG`, `THOIHAN`, `GIA`, `CAPDO`, `MOTA`) VALUES
(1, 'Gói 1 tháng', 30, 500000.00, 'BASIC', 'Gói cơ bản 1 tháng'),
(2, 'Gói 3 tháng', 90, 1200000.00, 'STANDARD', 'Tiết kiệm hơn khi tập 3 tháng'),
(3, 'Gói 12 tháng', 365, 4500000.00, 'VIP', 'Gói VIP 12 tháng full dịch vụ');

-- --------------------------------------------------------

--
-- Table structure for table `locker`
--

CREATE TABLE `locker` (
  `MATU` int(10) UNSIGNED NOT NULL,
  `MAPHONG` int(10) UNSIGNED NOT NULL,
  `KITU` varchar(20) NOT NULL,
  `HOATDONG` tinyint(1) NOT NULL DEFAULT 1
) ENGINE=InnoDB DEFAULT CHARSET=utf8mb4 COLLATE=utf8mb4_general_ci;

--
-- Dumping data for table `locker`
--

INSERT INTO `locker` (`MATU`, `MAPHONG`, `KITU`, `HOATDONG`) VALUES
(1, 1, 'G1-01', 1),
(2, 1, 'G1-02', 1),
(3, 3, 'P-01', 1),
(4, 3, 'P-02', 1),
(5, 3, 'P-03', 1),
(7, 32, 'A-01', 1),
(8, 32, 'A-02', 1),
(9, 32, 'A-03', 1),
(10, 34, 'L1-01', 1),
(11, 34, 'L1-02', 1),
(12, 34, 'L2-01', 1),
(13, 34, 'L2-02', 1),
(14, 30, 'P2-001', 1),
(15, 30, 'P2-002', 1),
(16, 30, 'P2-003', 1),
(18, 1, 'G1-03', 1),
(19, 5, 'N1-01', 1),
(20, 5, 'N1-02', 1),
(21, 4, 'Y1-01', 0),
(22, 1, 'G1-04', 1),
(23, 1, 'G1-05', 1),
(24, 2, 'G2-01', 1),
(25, 2, 'G2-02', 1),
(26, 2, 'G2-03', 1),
(27, 3, 'P-04', 1),
(28, 3, 'P-05', 1),
(29, 3, 'P-06', 1),
(30, 4, 'Y1-02', 1),
(31, 4, 'Y1-03', 1),
(32, 5, 'N1-03', 1),
(33, 5, 'N1-04', 1),
(34, 6, 'P50-01', 1),
(35, 6, 'P50-02', 1),
(36, 6, 'P50-03', 1),
(37, 7, 'Y2-01', 1),
(38, 7, 'Y2-02', 1),
(39, 30, 'P2-004', 1),
(40, 30, 'P2-005', 1),
(41, 32, 'A-04', 1),
(42, 32, 'A-05', 1),
(43, 34, 'L2-03', 1),
(44, 34, 'L2-04', 1),
(45, 11, 'B1-01', 1),
(46, 11, 'B1-02', 1),
(47, 11, 'B1-03', 1),
(48, 35, 'VD-01', 1),
(49, 35, 'VD-02', 1),
(50, 8, 'F1-01', 1),
(51, 8, 'F1-02', 1),
(52, 9, 'BR-01', 1),
(53, 9, 'BR-02', 1),
(54, 10, 'CL-01', 1),
(55, 10, 'CL-02', 1),
(56, 31, 'FA-01', 1),
(57, 31, 'FA-02', 1),
(58, 33, 'BRB-01', 1),
(59, 33, 'BRB-02', 1),
(60, 1, 'G1-06', 1),
(61, 1, 'G1-07', 1),
(62, 2, 'G2-04', 1),
(63, 2, 'G2-05', 1),
(64, 3, 'P-07', 1),
(65, 3, 'P-08', 1),
(66, 4, 'Y1-04', 1),
(67, 5, 'N1-05', 1),
(68, 6, 'P50-04', 1),
(69, 7, 'Y2-03', 1),
(70, 30, 'P2-006', 1),
(71, 32, 'A-06', 1);

-- --------------------------------------------------------

--
-- Table structure for table `lop`
--

CREATE TABLE `lop` (
  `MALOP` int(10) UNSIGNED NOT NULL,
  `TENLOP` varchar(100) NOT NULL,
  `THOILUONG` int(10) UNSIGNED NOT NULL,
  `SISO_MACDINH` int(10) UNSIGNED NOT NULL,
  `MOTA` text DEFAULT NULL
) ENGINE=InnoDB DEFAULT CHARSET=utf8mb4 COLLATE=utf8mb4_general_ci;

--
-- Dumping data for table `lop`
--

INSERT INTO `lop` (`MALOP`, `TENLOP`, `THOILUONG`, `SISO_MACDINH`, `MOTA`) VALUES
(1, 'Yoga Cơ Bản', 60, 20, 'Lớp yoga cho người mới bắt đầu'),
(2, 'HIIT Giảm Mỡ', 45, 18, 'Cardio cường độ cao'),
(3, 'Bơi Người Lớn', 60, 15, 'Lớp bơi cho người lớn'),
(4, 'Boxing Cơ Bản', 90, 12, 'Kỹ thuật đấm, di chuyển và phòng thủ'),
(5, 'Futsal Kỹ Năng', 90, 20, 'Kỹ năng cơ bản và nâng cao cho Futsal'),
(6, 'Bóng Chuyền Cơ bản', 90, 18, 'Kỹ thuật chuyền, đệm, phát bóng'),
(7, 'Bóng Rổ Shooting', 90, 15, 'Tập trung vào kỹ thuật ném rổ và di chuyển'),
(8, 'Cầu Lông Đôi', 60, 10, 'Chiến thuật và kỹ thuật đánh đôi');

-- --------------------------------------------------------

--
-- Table structure for table `nhanvien`
--

CREATE TABLE `nhanvien` (
  `MANV` int(10) UNSIGNED NOT NULL,
  `HOTEN` varchar(100) NOT NULL,
  `SDT` varchar(20) NOT NULL,
  `EMAIL` varchar(100) NOT NULL,
  `VAITRO` enum('ADMIN','FRONTDESK','MAINTENANCE','OTHER') NOT NULL DEFAULT 'OTHER',
  `NGAYVAOLAM` date NOT NULL,
  `TRANGTHAI` tinyint(1) NOT NULL DEFAULT 1
) ENGINE=InnoDB DEFAULT CHARSET=utf8mb4 COLLATE=utf8mb4_general_ci;

--
-- Dumping data for table `nhanvien`
--

INSERT INTO `nhanvien` (`MANV`, `HOTEN`, `SDT`, `EMAIL`, `VAITRO`, `NGAYVAOLAM`, `TRANGTHAI`) VALUES
(1, 'Phạm Quốc Danh', '0904468924', 'quocdanh2003@gmail.com', 'ADMIN', '2025-10-29', 1),
(2, 'Ngô Thị Yến', '0905258916', 'yen1912@gmail.com', 'FRONTDESK', '2025-10-30', 1),
(3, 'Đỗ Văn Đạt', '0906666666', 'vandat16@gmail.com', 'OTHER', '2025-10-30', 1),
(4, 'Lý Thu Hằng', '0907777777', 'hangly5354@gmail.com', 'OTHER', '2025-11-01', 1),
(11, 'Trần Văn Hải', '0908822547', 'hai2289@gmail.com', 'OTHER', '2024-11-02', 1),
(12, 'Nguyễn Thị Kim', '0909678239', 'kim116773@gmail.com', 'OTHER', '2025-11-02', 1),
(13, 'Nguyễn Thị Lan', '0909111222', 'lan.nguyen@bsc.vn', 'FRONTDESK', '2025-01-10', 1),
(14, 'Trần Văn Tùng', '0909111223', 'tung.tran@bsc.vn', 'OTHER', '2025-01-15', 1),
(15, 'Lê Thị Hương', '0909111224', 'huong.le@bsc.vn', 'OTHER', '2025-02-01', 1),
(16, 'Phạm Văn Thành', '0909111225', 'thanh.pham@bsc.vn', 'OTHER', '2025-02-10', 1),
(17, 'Hoàng Thị Nga', '0909111226', 'nga.hoang@bsc.vn', 'FRONTDESK', '2025-02-15', 1),
(18, 'Võ Văn Kiên', '0909111227', 'kien.vo@bsc.vn', 'MAINTENANCE', '2025-03-01', 1),
(19, 'Đặng Thị Thảo', '0909111228', 'thao.dang@bsc.vn', 'OTHER', '2025-03-05', 1),
(20, 'Bùi Văn Phong', '0909111229', 'phong.bui@bsc.vn', 'OTHER', '2025-03-10', 1),
(21, 'Trương Thị Linh', '0909111230', 'linh.truong@bsc.vn', 'FRONTDESK', '2025-03-15', 1),
(22, 'Ngô Văn Sơn', '0909111231', 'son.ngo@bsc.vn', 'MAINTENANCE', '2025-04-01', 1),
(23, 'Lý Thị Hoa', '0909111232', 'hoa.ly@bsc.vn', 'OTHER', '2025-04-05', 1),
(24, 'Phan Văn Đức', '0909111233', 'duc.phan@bsc.vn', 'OTHER', '2025-04-10', 1),
(25, 'Đỗ Thị Mai', '0909111234', 'mai.do@bsc.vn', 'FRONTDESK', '2025-04-15', 1),
(26, 'Mai Văn Tú', '0909111235', 'tu.mai@bsc.vn', 'OTHER', '2025-05-01', 1),
(27, 'Nguyễn Văn Hiếu', '0909111236', 'hieu.nguyen@bsc.vn', 'MAINTENANCE', '2025-05-05', 1),
(28, 'Trần Thị Hằng', '0909111237', 'hang.tran@bsc.vn', 'OTHER', '2025-05-10', 1),
(29, 'Lê Văn Toàn', '0909111238', 'toan.le@bsc.vn', 'OTHER', '2025-05-15', 1),
(30, 'Phạm Thị Phượng', '0909111239', 'phuong.pham@bsc.vn', 'FRONTDESK', '2025-06-01', 1),
(31, 'Hoàng Văn Lợi', '0909111240', 'loi.hoang@bsc.vn', 'MAINTENANCE', '2025-06-05', 1),
(32, 'Võ Thị Tuyết', '0909111241', 'tuyet.vo@bsc.vn', 'OTHER', '2025-06-10', 1);

-- --------------------------------------------------------

--
-- Table structure for table `password_resets`
--

CREATE TABLE `password_resets` (
  `id` int(11) NOT NULL,
  `user_id` int(11) NOT NULL,
  `email` varchar(255) NOT NULL,
  `token` varchar(255) NOT NULL,
  `expires_at` datetime NOT NULL,
  `created_at` timestamp NOT NULL DEFAULT current_timestamp()
) ENGINE=InnoDB DEFAULT CHARSET=utf8mb4 COLLATE=utf8mb4_general_ci;

-- --------------------------------------------------------

--
-- Table structure for table `phong`
--

CREATE TABLE `phong` (
  `MAPHONG` int(10) UNSIGNED NOT NULL,
  `MAKHU` int(10) UNSIGNED NOT NULL,
  `TENPHONG` varchar(100) NOT NULL,
  `SUCCHUA` int(10) UNSIGNED NOT NULL,
  `GHICHU` text DEFAULT NULL,
  `HOATDONG` tinyint(1) NOT NULL DEFAULT 1,
  `CALO_MOI_GIO` int(11) NOT NULL DEFAULT 0 COMMENT 'Calo tiêu thụ trung bình mỗi giờ'
) ENGINE=InnoDB DEFAULT CHARSET=utf8mb4 COLLATE=utf8mb4_general_ci;

--
-- Dumping data for table `phong`
--

INSERT INTO `phong` (`MAPHONG`, `MAKHU`, `TENPHONG`, `SUCCHUA`, `GHICHU`, `HOATDONG`, `CALO_MOI_GIO`) VALUES
(1, 1, 'Phòng Gym 1', 40, 'Máy chạy bộ, tạ tự do', 1, 600),
(2, 1, 'Phòng Gym 2', 30, 'Máy kháng lực', 1, 450),
(3, 2, 'Hồ bơi 25m', 60, 'Có khu trẻ em', 1, 600),
(4, 3, 'Phòng Yoga 1', 25, 'Phòng Yoga cơ bản', 1, 200),
(5, 1, 'Phòng Tạ Nặng', 20, 'Khu vực dành cho các bài tập tạ chuyên sâu', 1, 300),
(6, 2, 'Hồ Bơi Sâu 50m', 40, 'Dành cho bơi lội chuyên nghiệp', 1, 400),
(7, 3, 'Phòng Yoga 2', 30, 'Yoga bay, thảm cố định', 1, 240),
(8, 5, 'Sân Futsal Số 1', 20, 'Sân có lưới chắn tiêu chuẩn', 1, 100),
(9, 7, 'Sân Bóng Rổ Trong Nhà', 15, 'Sân gỗ, có ghế khán giả', 1, 75),
(10, 8, 'Sân Cầu Lông Số 1', 8, 'Sân số 1', 1, 40),
(11, 13, 'Phòng Boxing Lớn', 25, 'Có 8 bao cát, 1 ring đấu tập', 1, 125),
(30, 2, 'Hồ bơi Phụ', 15, 'Hồ nhỏ cho lớp bơi cơ bản', 1, 150),
(31, 5, 'Sân Futsal A', 22, 'Sân 5 người', 1, 110),
(32, 6, 'Sân Bóng Chuyền A', 20, 'Sân trong nhà', 1, 100),
(33, 7, 'Sân Bóng Rổ B', 16, 'Sân nửa/toàn sân', 1, 80),
(34, 8, 'Sân Cầu Lông B', 12, 'Có 2 lưới', 1, 60),
(35, 13, 'Võ Đài Boxing', 15, 'Có bao cát và khu tập đối kháng', 1, 75);

--
-- Triggers `phong`
--
DELIMITER $$
CREATE TRIGGER `trg_phong_calo_before_insert` BEFORE INSERT ON `phong` FOR EACH ROW BEGIN
    -- Tự động tính CALO dựa trên tên phòng và sức chứa
    SET NEW.CALO_MOI_GIO = CASE
        -- Gym: 15 calo/người/giờ
        WHEN NEW.TENPHONG LIKE '%Gym%' THEN NEW.SUCCHUA * 15
        
        -- Hồ bơi: 10 calo/người/giờ
        WHEN NEW.TENPHONG LIKE '%bơi%' OR NEW.TENPHONG LIKE '%Bơi%' THEN NEW.SUCCHUA * 10
        
        -- Yoga: 8 calo/người/giờ
        WHEN NEW.TENPHONG LIKE '%Yoga%' THEN NEW.SUCCHUA * 8
        
        -- Boxing: 5 calo/người/giờ
        WHEN NEW.TENPHONG LIKE '%Boxing%' THEN NEW.SUCCHUA * 5
        
        -- Các loại sân khác: 5 calo/người/giờ
        ELSE NEW.SUCCHUA * 5
    END;
END
$$
DELIMITER ;
DELIMITER $$
CREATE TRIGGER `trg_phong_calo_before_update` BEFORE UPDATE ON `phong` FOR EACH ROW BEGIN
    -- Chỉ tính lại nếu tên phòng hoặc sức chứa thay đổi
    IF NEW.TENPHONG != OLD.TENPHONG OR NEW.SUCCHUA != OLD.SUCCHUA THEN
        SET NEW.CALO_MOI_GIO = CASE
            WHEN NEW.TENPHONG LIKE '%Gym%' THEN NEW.SUCCHUA * 15
            WHEN NEW.TENPHONG LIKE '%bơi%' OR NEW.TENPHONG LIKE '%Bơi%' THEN NEW.SUCCHUA * 10
            WHEN NEW.TENPHONG LIKE '%Yoga%' THEN NEW.SUCCHUA * 8
            WHEN NEW.TENPHONG LIKE '%Boxing%' THEN NEW.SUCCHUA * 5
            ELSE NEW.SUCCHUA * 5
        END;
    END IF;
END
$$
DELIMITER ;

-- --------------------------------------------------------

--
-- Table structure for table `pt_session`
--

CREATE TABLE `pt_session` (
  `MAPT` int(10) UNSIGNED NOT NULL,
  `MAHLV` int(10) UNSIGNED NOT NULL,
  `MAHV` int(10) UNSIGNED NOT NULL,
  `MAPHONG` int(10) UNSIGNED NOT NULL,
  `BATDAU` datetime NOT NULL,
  `KETTHUC` datetime NOT NULL,
  `TRANGTHAI` enum('SCHEDULED','DONE','CANCELLED','NO_SHOW') NOT NULL DEFAULT 'SCHEDULED'
) ENGINE=InnoDB DEFAULT CHARSET=utf8mb4 COLLATE=utf8mb4_general_ci;

--
-- Dumping data for table `pt_session`
--

INSERT INTO `pt_session` (`MAPT`, `MAHLV`, `MAHV`, `MAPHONG`, `BATDAU`, `KETTHUC`, `TRANGTHAI`) VALUES
(1, 14, 1, 1, '2025-10-01 07:00:00', '2025-10-01 08:00:00', 'DONE'),
(2, 14, 2, 1, '2025-10-01 08:30:00', '2025-10-01 09:30:00', 'DONE'),
(3, 13, 5, 2, '2025-10-01 09:00:00', '2025-10-01 10:00:00', 'DONE'),
(4, 13, 6, 2, '2025-10-01 10:30:00', '2025-10-01 11:30:00', 'DONE'),
(5, 15, 12, 4, '2025-10-02 07:30:00', '2025-10-02 08:30:00', 'DONE'),
(6, 15, 13, 7, '2025-10-02 08:00:00', '2025-10-02 09:00:00', 'DONE'),
(7, 16, 15, 3, '2025-10-02 06:00:00', '2025-10-02 07:00:00', 'DONE'),
(8, 16, 16, 6, '2025-10-02 06:30:00', '2025-10-02 07:30:00', 'DONE'),
(9, 20, 20, 11, '2025-10-03 16:00:00', '2025-10-03 17:00:00', 'DONE'),
(10, 20, 21, 35, '2025-10-03 17:00:00', '2025-10-03 18:00:00', 'DONE'),
(11, 19, 25, 1, '2025-10-03 18:00:00', '2025-10-03 19:00:00', 'DONE'),
(12, 19, 26, 2, '2025-10-03 18:30:00', '2025-10-03 19:30:00', 'DONE'),
(13, 24, 30, 5, '2025-10-04 07:00:00', '2025-10-04 08:00:00', 'DONE'),
(14, 24, 31, 5, '2025-10-04 08:00:00', '2025-10-04 09:00:00', 'DONE'),
(15, 23, 35, 4, '2025-10-04 09:00:00', '2025-10-04 10:00:00', 'DONE'),
(16, 14, 3, 1, '2025-10-05 07:00:00', '2025-10-05 08:00:00', 'DONE'),
(17, 14, 7, 1, '2025-10-05 08:30:00', '2025-10-05 09:30:00', 'DONE'),
(18, 13, 10, 2, '2025-10-05 09:00:00', '2025-10-05 10:00:00', 'DONE'),
(19, 13, 14, 2, '2025-10-05 10:30:00', '2025-10-05 11:30:00', 'DONE'),
(20, 15, 18, 4, '2025-10-06 07:30:00', '2025-10-06 08:30:00', 'DONE'),
(21, 15, 22, 7, '2025-10-06 08:00:00', '2025-10-06 09:00:00', 'DONE'),
(22, 16, 24, 3, '2025-10-06 06:00:00', '2025-10-06 07:00:00', 'DONE'),
(23, 16, 28, 6, '2025-10-06 06:30:00', '2025-10-06 07:30:00', 'DONE'),
(24, 20, 32, 11, '2025-10-07 16:00:00', '2025-10-07 17:00:00', 'DONE'),
(25, 20, 36, 35, '2025-10-07 17:00:00', '2025-10-07 18:00:00', 'DONE'),
(26, 19, 38, 1, '2025-10-07 18:00:00', '2025-10-07 19:00:00', 'DONE'),
(27, 19, 40, 2, '2025-10-07 18:30:00', '2025-10-07 19:30:00', 'DONE'),
(28, 24, 42, 5, '2025-10-08 07:00:00', '2025-10-08 08:00:00', 'DONE'),
(29, 24, 45, 5, '2025-10-08 08:00:00', '2025-10-08 09:00:00', 'DONE'),
(30, 23, 48, 4, '2025-10-08 09:00:00', '2025-10-08 10:00:00', 'DONE'),
(31, 31, 50, 1, '2025-10-09 06:00:00', '2025-10-09 07:00:00', 'DONE'),
(32, 31, 52, 2, '2025-10-09 07:00:00', '2025-10-09 08:00:00', 'DONE'),
(33, 32, 55, 4, '2025-10-09 08:00:00', '2025-10-09 09:00:00', 'DONE'),
(34, 32, 57, 7, '2025-10-09 09:00:00', '2025-10-09 10:00:00', 'DONE'),
(35, 14, 60, 1, '2025-10-10 07:00:00', '2025-10-10 08:00:00', 'DONE'),
(36, 13, 62, 2, '2025-10-10 10:00:00', '2025-10-10 11:00:00', 'DONE'),
(37, 15, 65, 4, '2025-10-11 07:30:00', '2025-10-11 08:30:00', 'DONE'),
(38, 16, 68, 3, '2025-10-11 06:00:00', '2025-10-11 07:00:00', 'DONE'),
(39, 20, 70, 11, '2025-10-11 16:00:00', '2025-10-11 17:00:00', 'DONE'),
(40, 19, 72, 1, '2025-10-11 18:00:00', '2025-10-11 19:00:00', 'DONE'),
(41, 24, 75, 5, '2025-10-12 07:00:00', '2025-10-12 08:00:00', 'DONE'),
(42, 23, 78, 4, '2025-10-12 09:00:00', '2025-10-12 10:00:00', 'DONE'),
(43, 14, 80, 1, '2025-10-13 07:00:00', '2025-10-13 08:00:00', 'DONE'),
(44, 13, 82, 2, '2025-10-13 09:00:00', '2025-10-13 10:00:00', 'DONE'),
(45, 15, 85, 7, '2025-10-13 08:00:00', '2025-10-13 09:00:00', 'DONE'),
(46, 16, 87, 3, '2025-10-14 06:00:00', '2025-10-14 07:00:00', 'DONE'),
(47, 20, 90, 11, '2025-10-14 16:00:00', '2025-10-14 17:00:00', 'DONE'),
(48, 19, 92, 1, '2025-10-14 18:00:00', '2025-10-14 19:00:00', 'DONE'),
(49, 24, 95, 5, '2025-10-15 07:00:00', '2025-10-15 08:00:00', 'DONE'),
(50, 23, 98, 4, '2025-10-15 09:00:00', '2025-10-15 10:00:00', 'DONE'),
(51, 31, 100, 1, '2025-10-16 06:00:00', '2025-10-16 07:00:00', 'DONE'),
(52, 32, 101, 4, '2025-10-16 08:00:00', '2025-10-16 09:00:00', 'DONE'),
(53, 14, 102, 1, '2025-10-16 07:00:00', '2025-10-16 08:00:00', 'DONE'),
(54, 13, 103, 2, '2025-10-16 10:00:00', '2025-10-16 11:00:00', 'DONE'),
(55, 15, 112, 4, '2025-10-17 07:30:00', '2025-10-17 08:30:00', 'DONE'),
(56, 16, 113, 3, '2025-10-17 06:00:00', '2025-10-17 07:00:00', 'DONE'),
(57, 20, 114, 11, '2025-10-17 16:00:00', '2025-10-17 17:00:00', 'DONE'),
(58, 19, 115, 1, '2025-10-17 18:00:00', '2025-10-17 19:00:00', 'DONE'),
(59, 24, 116, 5, '2025-10-18 07:00:00', '2025-10-18 08:00:00', 'DONE'),
(60, 23, 117, 4, '2025-10-18 09:00:00', '2025-10-18 10:00:00', 'DONE'),
(61, 14, 4, 1, '2025-10-19 07:00:00', '2025-10-19 08:00:00', 'DONE'),
(62, 13, 8, 2, '2025-10-19 09:00:00', '2025-10-19 10:00:00', 'DONE'),
(63, 15, 17, 4, '2025-10-19 07:30:00', '2025-10-19 08:30:00', 'DONE'),
(64, 16, 19, 3, '2025-10-20 06:00:00', '2025-10-20 07:00:00', 'DONE'),
(65, 20, 23, 11, '2025-10-20 16:00:00', '2025-10-20 17:00:00', 'DONE'),
(66, 19, 27, 1, '2025-10-20 18:00:00', '2025-10-20 19:00:00', 'DONE'),
(67, 24, 29, 5, '2025-10-21 07:00:00', '2025-10-21 08:00:00', 'DONE'),
(68, 23, 33, 4, '2025-10-21 09:00:00', '2025-10-21 10:00:00', 'DONE'),
(69, 31, 34, 1, '2025-10-21 06:00:00', '2025-10-21 07:00:00', 'DONE'),
(70, 32, 37, 4, '2025-10-21 08:00:00', '2025-10-21 09:00:00', 'DONE'),
(71, 14, 39, 1, '2025-09-10 07:00:00', '2025-09-10 08:00:00', 'DONE'),
(72, 13, 41, 2, '2025-09-10 09:00:00', '2025-09-10 10:00:00', 'DONE'),
(73, 15, 43, 4, '2025-09-11 07:30:00', '2025-09-11 08:30:00', 'DONE'),
(74, 16, 44, 3, '2025-09-11 06:00:00', '2025-09-11 07:00:00', 'DONE'),
(75, 20, 46, 11, '2025-09-12 16:00:00', '2025-09-12 17:00:00', 'DONE'),
(76, 19, 47, 1, '2025-09-12 18:00:00', '2025-09-12 19:00:00', 'DONE'),
(77, 24, 49, 5, '2025-09-13 07:00:00', '2025-09-13 08:00:00', 'DONE'),
(78, 23, 51, 4, '2025-09-13 09:00:00', '2025-09-13 10:00:00', 'DONE'),
(79, 31, 53, 1, '2025-09-14 06:00:00', '2025-09-14 07:00:00', 'DONE'),
(80, 32, 54, 4, '2025-09-14 08:00:00', '2025-09-14 09:00:00', 'DONE'),
(81, 14, 56, 1, '2025-09-15 07:00:00', '2025-09-15 08:00:00', 'DONE'),
(82, 13, 58, 2, '2025-09-15 09:00:00', '2025-09-15 10:00:00', 'DONE'),
(83, 15, 59, 4, '2025-09-16 07:30:00', '2025-09-16 08:30:00', 'DONE'),
(84, 16, 61, 3, '2025-09-16 06:00:00', '2025-09-16 07:00:00', 'DONE'),
(85, 20, 63, 11, '2025-09-17 16:00:00', '2025-09-17 17:00:00', 'DONE'),
(86, 19, 64, 1, '2025-09-17 18:00:00', '2025-09-17 19:00:00', 'DONE'),
(87, 24, 66, 5, '2025-09-18 07:00:00', '2025-09-18 08:00:00', 'DONE'),
(88, 23, 67, 4, '2025-09-18 09:00:00', '2025-09-18 10:00:00', 'DONE'),
(89, 31, 69, 1, '2025-09-19 06:00:00', '2025-09-19 07:00:00', 'DONE'),
(90, 32, 71, 4, '2025-09-19 08:00:00', '2025-09-19 09:00:00', 'DONE'),
(91, 14, 73, 1, '2025-08-15 07:00:00', '2025-08-15 08:00:00', 'DONE'),
(92, 13, 74, 2, '2025-08-15 09:00:00', '2025-08-15 10:00:00', 'DONE'),
(93, 15, 76, 4, '2025-08-16 07:30:00', '2025-08-16 08:30:00', 'DONE'),
(94, 16, 77, 3, '2025-08-16 06:00:00', '2025-08-16 07:00:00', 'DONE'),
(95, 20, 79, 11, '2025-08-17 16:00:00', '2025-08-17 17:00:00', 'DONE'),
(96, 19, 81, 1, '2025-08-17 18:00:00', '2025-08-17 19:00:00', 'DONE'),
(97, 24, 83, 5, '2025-08-18 07:00:00', '2025-08-18 08:00:00', 'DONE'),
(98, 23, 84, 4, '2025-08-18 09:00:00', '2025-08-18 10:00:00', 'DONE'),
(99, 31, 86, 1, '2025-08-19 06:00:00', '2025-08-19 07:00:00', 'DONE'),
(100, 32, 88, 4, '2025-08-19 08:00:00', '2025-08-19 09:00:00', 'DONE'),
(101, 14, 1, 1, '2025-11-20 07:00:00', '2025-11-20 08:00:00', 'SCHEDULED'),
(102, 14, 5, 1, '2025-11-20 08:30:00', '2025-11-20 09:30:00', 'SCHEDULED'),
(103, 13, 12, 2, '2025-11-21 09:00:00', '2025-11-21 10:00:00', 'SCHEDULED'),
(104, 13, 15, 2, '2025-11-21 10:30:00', '2025-11-21 11:30:00', 'SCHEDULED'),
(105, 15, 20, 4, '2025-11-22 07:30:00', '2025-11-22 08:30:00', 'SCHEDULED'),
(106, 15, 25, 7, '2025-11-22 08:00:00', '2025-11-22 09:00:00', 'SCHEDULED'),
(107, 16, 30, 3, '2025-11-23 06:00:00', '2025-11-23 07:00:00', 'SCHEDULED'),
(108, 16, 35, 6, '2025-11-23 06:30:00', '2025-11-23 07:30:00', 'SCHEDULED'),
(109, 20, 40, 11, '2025-11-24 16:00:00', '2025-11-24 17:00:00', 'SCHEDULED'),
(110, 20, 45, 35, '2025-11-24 17:00:00', '2025-11-24 18:00:00', 'SCHEDULED'),
(111, 19, 50, 1, '2025-11-25 18:00:00', '2025-11-25 19:00:00', 'SCHEDULED'),
(112, 19, 55, 2, '2025-11-25 18:30:00', '2025-11-25 19:30:00', 'SCHEDULED'),
(113, 24, 60, 5, '2025-11-26 07:00:00', '2025-11-26 08:00:00', 'SCHEDULED'),
(114, 24, 65, 5, '2025-11-26 08:00:00', '2025-11-26 09:00:00', 'SCHEDULED'),
(115, 23, 70, 4, '2025-11-27 09:00:00', '2025-11-27 10:00:00', 'SCHEDULED'),
(116, 31, 75, 1, '2025-11-28 06:00:00', '2025-11-28 07:00:00', 'SCHEDULED'),
(117, 32, 80, 4, '2025-11-28 08:00:00', '2025-11-28 09:00:00', 'SCHEDULED'),
(118, 14, 85, 1, '2025-11-29 07:00:00', '2025-11-29 08:00:00', 'SCHEDULED'),
(119, 13, 90, 2, '2025-11-29 10:00:00', '2025-11-29 11:00:00', 'SCHEDULED'),
(120, 15, 95, 4, '2025-11-30 07:30:00', '2025-11-30 08:30:00', 'SCHEDULED'),
(121, 16, 100, 3, '2025-11-30 06:00:00', '2025-11-30 07:00:00', 'SCHEDULED'),
(122, 20, 2, 11, '2025-12-01 16:00:00', '2025-12-01 17:00:00', 'SCHEDULED'),
(123, 19, 6, 1, '2025-12-01 18:00:00', '2025-12-01 19:00:00', 'SCHEDULED'),
(124, 24, 10, 5, '2025-12-02 07:00:00', '2025-12-02 08:00:00', 'SCHEDULED'),
(125, 23, 14, 4, '2025-12-02 09:00:00', '2025-12-02 10:00:00', 'SCHEDULED'),
(126, 31, 18, 1, '2025-12-03 06:00:00', '2025-12-03 07:00:00', 'SCHEDULED'),
(127, 32, 22, 4, '2025-12-03 08:00:00', '2025-12-03 09:00:00', 'SCHEDULED'),
(128, 14, 26, 1, '2025-12-04 07:00:00', '2025-12-04 08:00:00', 'SCHEDULED'),
(129, 13, 28, 2, '2025-12-04 10:00:00', '2025-12-04 11:00:00', 'SCHEDULED'),
(130, 15, 32, 4, '2025-12-05 07:30:00', '2025-12-05 08:30:00', 'SCHEDULED'),
(131, 16, 36, 3, '2025-10-22 06:00:00', '2025-10-22 07:00:00', 'NO_SHOW'),
(132, 20, 9, 11, '2025-10-22 16:00:00', '2025-10-22 17:00:00', 'CANCELLED'),
(133, 19, 11, 1, '2025-10-23 18:00:00', '2025-10-23 19:00:00', 'NO_SHOW'),
(134, 24, 119, 5, '2025-09-20 07:00:00', '2025-09-20 08:00:00', 'CANCELLED'),
(135, 23, 120, 4, '2025-09-20 09:00:00', '2025-09-20 10:00:00', 'NO_SHOW'),
(136, 31, 121, 1, '2025-09-21 06:00:00', '2025-09-21 07:00:00', 'CANCELLED'),
(137, 32, 122, 4, '2025-09-21 08:00:00', '2025-09-21 09:00:00', 'NO_SHOW'),
(138, 14, 123, 1, '2025-08-20 07:00:00', '2025-08-20 08:00:00', 'CANCELLED'),
(139, 13, 124, 2, '2025-08-20 09:00:00', '2025-08-20 10:00:00', 'NO_SHOW'),
(140, 15, 125, 4, '2025-08-21 07:30:00', '2025-08-21 08:30:00', 'CANCELLED'),
(141, 16, 126, 3, '2025-08-21 06:00:00', '2025-08-21 07:00:00', 'NO_SHOW'),
(142, 20, 127, 11, '2025-08-22 16:00:00', '2025-08-22 17:00:00', 'CANCELLED'),
(143, 19, 128, 1, '2025-07-15 18:00:00', '2025-07-15 19:00:00', 'NO_SHOW'),
(144, 24, 129, 5, '2025-07-16 07:00:00', '2025-07-16 08:00:00', 'CANCELLED'),
(145, 23, 130, 4, '2025-07-16 09:00:00', '2025-07-16 10:00:00', 'NO_SHOW'),
(146, 31, 131, 1, '2025-07-17 06:00:00', '2025-07-17 07:00:00', 'CANCELLED'),
(147, 32, 132, 4, '2025-07-17 08:00:00', '2025-07-17 09:00:00', 'NO_SHOW'),
(148, 14, 133, 1, '2025-06-10 07:00:00', '2025-06-10 08:00:00', 'CANCELLED'),
(149, 13, 134, 2, '2025-06-11 09:00:00', '2025-06-11 10:00:00', 'NO_SHOW'),
(150, 15, 135, 4, '2025-06-12 07:30:00', '2025-06-12 08:30:00', 'CANCELLED');

-- --------------------------------------------------------

--
-- Table structure for table `thanhtoan`
--

CREATE TABLE `thanhtoan` (
  `MATTTOAN` int(10) UNSIGNED NOT NULL,
  `MAHDON` int(10) UNSIGNED NOT NULL,
  `SOTIEN` decimal(12,2) NOT NULL,
  `NGAYTT` datetime NOT NULL DEFAULT current_timestamp(),
  `PHUONGTHUC` enum('CASH','CARD','BANK','EWALLET') NOT NULL
) ENGINE=InnoDB DEFAULT CHARSET=utf8mb4 COLLATE=utf8mb4_general_ci;

--
-- Dumping data for table `thanhtoan`
--

INSERT INTO `thanhtoan` (`MATTTOAN`, `MAHDON`, `SOTIEN`, `NGAYTT`, `PHUONGTHUC`) VALUES
(1, 1, 600000.00, '2025-11-01 08:45:00', 'CARD'),
(2, 2, 1080000.00, '2025-11-01 10:15:00', 'BANK'),
(3, 3, 4500000.00, '2025-11-01 14:30:00', 'BANK'),
(4, 4, 600000.00, '2025-11-02 09:15:00', 'CASH'),
(5, 5, 1300000.00, '2025-11-02 11:15:00', 'CARD'),
(6, 6, 540000.00, '2025-11-03 08:45:00', 'EWALLET'),
(7, 7, 4600000.00, '2025-11-03 10:45:00', 'BANK'),
(8, 8, 600000.00, '2025-11-04 09:15:00', 'CASH'),
(9, 9, 1170000.00, '2025-11-04 11:45:00', 'CARD'),
(10, 10, 600000.00, '2025-11-05 08:15:00', 'CASH'),
(11, 11, 780000.00, '2025-11-05 10:15:00', 'CARD'),
(12, 12, 380000.00, '2025-11-06 09:45:00', 'CASH'),
(13, 13, 1420000.00, '2025-11-06 11:15:00', 'BANK'),
(14, 14, 320000.00, '2025-11-07 08:45:00', 'EWALLET'),
(15, 15, 770000.00, '2025-11-07 10:45:00', 'CARD'),
(16, 16, 370000.00, '2025-11-08 09:15:00', 'CASH'),
(17, 17, 350000.00, '2025-11-08 11:15:00', 'EWALLET'),
(18, 18, 410000.00, '2025-11-09 08:45:00', 'CASH'),
(19, 19, 1490000.00, '2025-11-09 10:15:00', 'CARD'),
(20, 20, 350000.00, '2025-11-10 09:15:00', 'EWALLET'),
(21, 21, 600000.00, '2025-10-15 09:15:00', 'CASH'),
(22, 22, 4600000.00, '2025-10-15 11:15:00', 'BANK'),
(23, 23, 1350000.00, '2025-10-16 08:45:00', 'CARD'),
(24, 24, 600000.00, '2025-10-16 10:45:00', 'CASH'),
(25, 25, 1300000.00, '2025-10-17 09:15:00', 'CARD'),
(26, 26, 540000.00, '2025-10-17 11:15:00', 'EWALLET'),
(27, 27, 1300000.00, '2025-10-18 08:45:00', 'CARD'),
(28, 28, 630000.00, '2025-10-18 10:45:00', 'CASH'),
(29, 29, 1300000.00, '2025-10-19 09:15:00', 'BANK'),
(30, 30, 540000.00, '2025-10-19 11:15:00', 'EWALLET'),
(31, 31, 4800000.00, '2025-09-20 09:15:00', 'BANK'),
(32, 32, 4800000.00, '2025-09-20 11:15:00', 'BANK'),
(33, 33, 1130000.00, '2025-09-21 08:45:00', 'CARD'),
(34, 34, 600000.00, '2025-09-21 10:45:00', 'CASH'),
(35, 35, 1316000.00, '2025-09-22 09:15:00', 'CARD'),
(36, 36, 600000.00, '2025-09-22 11:15:00', 'CASH'),
(37, 37, 3778000.00, '2025-08-15 09:15:00', 'BANK'),
(38, 38, 1800000.00, '2025-08-15 11:15:00', 'BANK'),
(39, 39, 600000.00, '2025-08-16 08:45:00', 'CASH'),
(40, 40, 1338000.00, '2025-08-16 10:45:00', 'CARD'),
(41, 41, 600000.00, '2025-08-17 09:15:00', 'CASH'),
(42, 42, 3777000.00, '2025-08-17 11:15:00', 'BANK'),
(43, 43, 600000.00, '2025-07-10 09:15:00', 'CASH'),
(44, 44, 1300000.00, '2025-07-10 11:15:00', 'CARD'),
(45, 45, 1175000.00, '2025-07-11 08:45:00', 'CARD'),
(46, 46, 600000.00, '2025-07-11 10:45:00', 'CASH'),
(47, 47, 1300000.00, '2025-07-12 09:15:00', 'BANK'),
(48, 48, 668000.00, '2025-07-12 11:15:00', 'CARD'),
(49, 49, 1300000.00, '2025-07-13 08:45:00', 'CARD'),
(50, 50, 605000.00, '2025-07-13 10:45:00', 'CASH'),
(51, 51, 700000.00, '2025-06-15 09:15:00', 'CASH'),
(52, 52, 5700000.00, '2025-06-15 11:15:00', 'BANK'),
(53, 53, 1332000.00, '2025-06-16 08:45:00', 'CARD'),
(54, 54, 600000.00, '2025-06-16 10:45:00', 'CASH'),
(55, 55, 1460000.00, '2025-06-17 09:15:00', 'CARD'),
(56, 56, 648000.00, '2025-06-17 11:15:00', 'EWALLET'),
(57, 57, 1300000.00, '2025-05-18 09:15:00', 'CARD'),
(58, 58, 600000.00, '2025-05-18 11:15:00', 'CASH'),
(59, 59, 1307000.00, '2025-05-19 08:45:00', 'CARD'),
(60, 60, 600000.00, '2025-05-19 10:45:00', 'CASH'),
(61, 61, 1316000.00, '2025-05-20 09:15:00', 'CARD'),
(62, 62, 600000.00, '2025-05-20 11:15:00', 'CASH'),
(63, 63, 1307000.00, '2025-04-15 09:15:00', 'CARD'),
(64, 64, 700000.00, '2025-04-15 11:15:00', 'CASH'),
(65, 65, 1300000.00, '2025-04-16 08:45:00', 'BANK'),
(66, 66, 668000.00, '2025-04-16 10:45:00', 'CARD'),
(67, 67, 1300000.00, '2025-04-17 09:15:00', 'CARD'),
(68, 68, 1287000.00, '2025-04-17 11:15:00', 'CARD'),
(69, 69, 1300000.00, '2025-04-18 08:45:00', 'BANK'),
(70, 70, 600000.00, '2025-04-18 10:45:00', 'CASH'),
(71, 96, 2000000.00, '2025-10-30 09:30:00', 'BANK'),
(72, 96, 2000000.00, '2025-11-05 10:00:00', 'BANK'),
(73, 97, 800000.00, '2025-10-30 11:30:00', 'CARD'),
(74, 98, 3000000.00, '2025-10-31 09:00:00', 'BANK'),
(75, 1, 50000.00, '2025-11-01 09:00:00', 'CASH'),
(76, 5, 100000.00, '2025-11-02 11:30:00', 'CASH'),
(77, 10, 100000.00, '2025-11-05 08:30:00', 'CASH'),
(78, 15, 50000.00, '2025-11-07 11:00:00', 'CASH'),
(79, 11, 500000.00, '2025-11-05 10:30:00', 'CARD'),
(80, 11, 280000.00, '2025-11-05 10:35:00', 'CARD'),
(81, 13, 1200000.00, '2025-11-06 11:30:00', 'BANK'),
(82, 13, 220000.00, '2025-11-06 11:35:00', 'CASH'),
(83, 16, 270000.00, '2025-11-08 09:30:00', 'CARD'),
(84, 16, 100000.00, '2025-11-08 09:35:00', 'CASH'),
(85, 17, 260000.00, '2025-11-08 11:30:00', 'EWALLET'),
(86, 17, 50000.00, '2025-11-08 11:35:00', 'CASH'),
(87, 19, 1200000.00, '2025-11-09 10:30:00', 'BANK'),
(88, 19, 290000.00, '2025-11-09 10:35:00', 'CARD'),
(89, 23, 1056000.00, '2025-10-16 09:00:00', 'BANK'),
(90, 23, 240000.00, '2025-10-16 09:05:00', 'CARD'),
(91, 28, 470000.00, '2025-10-18 11:00:00', 'CASH'),
(92, 28, 160000.00, '2025-10-18 11:05:00', 'CASH'),
(93, 33, 960000.00, '2025-09-21 09:00:00', 'BANK'),
(94, 33, 210000.00, '2025-09-21 09:05:00', 'CARD'),
(95, 35, 1056000.00, '2025-09-22 09:30:00', 'BANK'),
(96, 35, 210000.00, '2025-09-22 09:35:00', 'CARD'),
(97, 37, 3600000.00, '2025-08-15 09:30:00', 'BANK'),
(98, 37, 230000.00, '2025-08-15 09:35:00', 'CARD'),
(99, 40, 1200000.00, '2025-08-16 11:00:00', 'BANK'),
(100, 40, 280000.00, '2025-08-16 11:05:00', 'CARD'),
(101, 42, 3600000.00, '2025-08-17 11:30:00', 'BANK'),
(102, 42, 690000.00, '2025-08-17 11:35:00', 'BANK'),
(103, 45, 960000.00, '2025-07-11 09:00:00', 'BANK'),
(104, 45, 270000.00, '2025-07-11 09:05:00', 'CARD'),
(105, 48, 470000.00, '2025-07-12 11:30:00', 'CASH'),
(106, 48, 260000.00, '2025-07-12 11:35:00', 'CARD'),
(107, 53, 1080000.00, '2025-06-16 09:00:00', 'BANK'),
(108, 53, 270000.00, '2025-06-16 09:05:00', 'CARD'),
(109, 56, 470000.00, '2025-06-17 11:30:00', 'CASH'),
(110, 56, 290000.00, '2025-06-17 11:35:00', 'CARD'),
(111, 59, 1080000.00, '2025-05-19 09:00:00', 'BANK'),
(112, 59, 240000.00, '2025-05-19 09:05:00', 'CARD'),
(113, 61, 1056000.00, '2025-05-20 09:30:00', 'BANK'),
(114, 61, 210000.00, '2025-05-20 09:35:00', 'CARD'),
(115, 63, 1080000.00, '2025-04-15 09:30:00', 'BANK'),
(116, 63, 230000.00, '2025-04-15 09:35:00', 'CARD'),
(117, 66, 470000.00, '2025-04-16 11:00:00', 'CASH'),
(118, 66, 280000.00, '2025-04-16 11:05:00', 'CARD'),
(119, 68, 1080000.00, '2025-04-17 11:30:00', 'BANK'),
(120, 68, 220000.00, '2025-04-17 11:35:00', 'CARD');

-- --------------------------------------------------------

--
-- Table structure for table `thuetu`
--

CREATE TABLE `thuetu` (
  `MATT` int(10) UNSIGNED NOT NULL,
  `MATU` int(10) UNSIGNED NOT NULL,
  `MAHV` int(10) UNSIGNED NOT NULL,
  `NGAYBD` date NOT NULL,
  `NGAYKT` date NOT NULL,
  `TRANGTHAI` enum('ACTIVE','EXPIRED','CANCELLED') NOT NULL DEFAULT 'ACTIVE'
) ENGINE=InnoDB DEFAULT CHARSET=utf8mb4 COLLATE=utf8mb4_general_ci;

--
-- Dumping data for table `thuetu`
--

INSERT INTO `thuetu` (`MATT`, `MATU`, `MAHV`, `NGAYBD`, `NGAYKT`, `TRANGTHAI`) VALUES
(1, 1, 1, '2025-11-01', '2025-12-01', 'ACTIVE'),
(2, 2, 2, '2025-11-01', '2025-12-01', 'ACTIVE'),
(3, 3, 5, '2025-11-01', '2025-12-01', 'ACTIVE'),
(4, 4, 6, '2025-11-02', '2025-12-02', 'ACTIVE'),
(5, 5, 7, '2025-11-02', '2025-12-02', 'ACTIVE'),
(6, 7, 9, '2025-11-03', '2025-12-03', 'ACTIVE'),
(7, 8, 10, '2025-11-03', '2025-12-03', 'ACTIVE'),
(8, 9, 12, '2025-11-04', '2025-12-04', 'ACTIVE'),
(9, 10, 13, '2025-11-04', '2025-12-04', 'ACTIVE'),
(10, 11, 14, '2025-11-05', '2025-12-05', 'ACTIVE'),
(11, 12, 15, '2025-11-05', '2025-12-05', 'ACTIVE'),
(12, 13, 16, '2025-11-06', '2025-12-06', 'ACTIVE'),
(13, 14, 17, '2025-11-06', '2025-12-06', 'ACTIVE'),
(14, 15, 18, '2025-11-07', '2025-12-07', 'ACTIVE'),
(15, 16, 20, '2025-11-07', '2025-12-07', 'ACTIVE'),
(16, 18, 21, '2025-11-08', '2025-12-08', 'ACTIVE'),
(17, 19, 22, '2025-11-08', '2025-12-08', 'ACTIVE'),
(18, 20, 25, '2025-11-09', '2025-12-09', 'ACTIVE'),
(19, 22, 26, '2025-11-09', '2025-12-09', 'ACTIVE'),
(20, 23, 28, '2025-11-10', '2025-12-10', 'ACTIVE'),
(21, 24, 30, '2025-10-15', '2025-11-15', 'ACTIVE'),
(22, 25, 31, '2025-10-15', '2025-11-15', 'ACTIVE'),
(23, 26, 32, '2025-10-16', '2025-11-16', 'ACTIVE'),
(24, 27, 35, '2025-10-16', '2025-11-16', 'ACTIVE'),
(25, 28, 36, '2025-10-17', '2025-11-17', 'ACTIVE'),
(26, 29, 38, '2025-10-17', '2025-11-17', 'ACTIVE'),
(27, 30, 40, '2025-10-18', '2025-11-18', 'ACTIVE'),
(28, 31, 42, '2025-10-18', '2025-11-18', 'ACTIVE'),
(29, 32, 45, '2025-10-19', '2025-11-19', 'ACTIVE'),
(30, 33, 48, '2025-10-19', '2025-11-19', 'ACTIVE'),
(31, 34, 50, '2025-09-20', '2025-12-20', 'ACTIVE'),
(32, 35, 52, '2025-09-20', '2025-12-20', 'ACTIVE'),
(33, 36, 55, '2025-09-21', '2025-12-21', 'ACTIVE'),
(34, 37, 57, '2025-09-21', '2025-12-21', 'ACTIVE'),
(35, 38, 60, '2025-09-22', '2025-12-22', 'ACTIVE'),
(36, 39, 62, '2025-08-15', '2026-02-15', 'ACTIVE'),
(37, 40, 65, '2025-08-15', '2026-02-15', 'ACTIVE'),
(38, 41, 68, '2025-08-16', '2026-02-16', 'ACTIVE'),
(39, 42, 70, '2025-08-16', '2026-02-16', 'ACTIVE'),
(40, 43, 72, '2025-08-17', '2026-02-17', 'ACTIVE'),
(41, 44, 75, '2025-08-17', '2026-02-17', 'ACTIVE'),
(42, 45, 78, '2025-07-20', '2026-01-20', 'ACTIVE'),
(43, 46, 80, '2025-07-20', '2026-01-20', 'ACTIVE'),
(44, 47, 82, '2025-07-21', '2026-01-21', 'ACTIVE'),
(45, 48, 85, '2025-07-21', '2026-01-21', 'ACTIVE'),
(46, 49, 87, '2025-07-22', '2026-01-22', 'ACTIVE'),
(47, 50, 90, '2025-06-25', '2025-12-25', 'ACTIVE'),
(48, 51, 92, '2025-06-25', '2025-12-25', 'ACTIVE'),
(49, 52, 95, '2025-06-26', '2025-12-26', 'ACTIVE'),
(50, 53, 98, '2025-06-26', '2025-12-26', 'ACTIVE'),
(51, 54, 3, '2025-10-01', '2025-11-01', 'EXPIRED'),
(52, 55, 4, '2025-10-01', '2025-11-01', 'EXPIRED'),
(53, 56, 8, '2025-09-15', '2025-10-15', 'EXPIRED'),
(54, 57, 11, '2025-09-15', '2025-10-15', 'EXPIRED'),
(55, 58, 19, '2025-08-20', '2025-09-20', 'EXPIRED'),
(56, 59, 23, '2025-08-20', '2025-09-20', 'EXPIRED'),
(57, 60, 24, '2025-07-10', '2025-08-10', 'EXPIRED'),
(58, 61, 27, '2025-07-10', '2025-08-10', 'EXPIRED'),
(59, 62, 29, '2025-06-15', '2025-07-15', 'EXPIRED'),
(60, 63, 33, '2025-06-15', '2025-07-15', 'EXPIRED'),
(61, 64, 34, '2025-05-20', '2025-06-20', 'EXPIRED'),
(62, 65, 37, '2025-05-20', '2025-06-20', 'EXPIRED'),
(63, 66, 39, '2025-04-25', '2025-05-25', 'EXPIRED'),
(64, 67, 41, '2025-04-25', '2025-05-25', 'EXPIRED'),
(65, 68, 43, '2025-03-30', '2025-04-30', 'EXPIRED'),
(66, 69, 44, '2025-03-30', '2025-04-30', 'EXPIRED'),
(67, 70, 46, '2025-02-28', '2025-03-31', 'EXPIRED'),
(68, 71, 47, '2025-02-28', '2025-03-31', 'EXPIRED'),
(69, 22, 49, '2025-08-01', '2025-09-01', 'EXPIRED'),
(70, 23, 51, '2025-08-01', '2025-09-01', 'EXPIRED'),
(71, 54, 53, '2025-10-20', '2025-11-20', 'CANCELLED'),
(72, 55, 54, '2025-10-20', '2025-11-20', 'CANCELLED'),
(73, 56, 56, '2025-09-25', '2025-10-25', 'CANCELLED'),
(74, 57, 58, '2025-09-25', '2025-10-25', 'CANCELLED'),
(75, 58, 59, '2025-08-25', '2025-09-25', 'CANCELLED'),
(76, 59, 61, '2025-08-25', '2025-09-25', 'CANCELLED'),
(77, 60, 63, '2025-07-20', '2025-08-20', 'CANCELLED'),
(78, 61, 64, '2025-07-20', '2025-08-20', 'CANCELLED'),
(79, 62, 66, '2025-06-20', '2025-07-20', 'CANCELLED'),
(80, 63, 67, '2025-06-20', '2025-07-20', 'CANCELLED');

-- --------------------------------------------------------

--
-- Table structure for table `users`
--

CREATE TABLE `users` (
  `id` int(10) UNSIGNED NOT NULL,
  `username` varchar(50) NOT NULL,
  `email` varchar(100) NOT NULL,
  `password_hash` varchar(255) NOT NULL,
  `fullname` varchar(100) DEFAULT NULL,
  `phone` varchar(20) DEFAULT NULL,
  `role` enum('ADMIN','USER') NOT NULL DEFAULT 'USER',
  `created_at` datetime NOT NULL DEFAULT current_timestamp()
) ENGINE=InnoDB DEFAULT CHARSET=utf8mb4 COLLATE=utf8mb4_general_ci;

--
-- Dumping data for table `users`
--

INSERT INTO `users` (`id`, `username`, `email`, `password_hash`, `fullname`, `phone`, `role`, `created_at`) VALUES
(1, 'admin', 'admin@blocksports.vn', '$2y$10$1F20HsjQsZ9b2G8ZCWaZYOIpHeY5oGD0w7yJPtqmzRoPR6xXqEh1a', 'Administrator', '0901234567', 'ADMIN', '2025-11-18 10:00:00'),
(2, 'HuyAD', 'huy.ad@bsc.vn', '$2y$10$PVLlKzoyUIfI1yJmVf6NGuGHieSP4fLKH52cn3UlZJ9xStnr49u0q', 'Nguyễn Đinh Huy', '0909457646', 'ADMIN', '2025-11-18 17:33:49');

--
-- Indexes for dumped tables
--

--
-- Indexes for table `buoilop`
--
ALTER TABLE `buoilop`
  ADD PRIMARY KEY (`MABUOI`),
  ADD KEY `fk_buoi_lop` (`MALOP`),
  ADD KEY `fk_buoi_phong` (`MAPHONG`),
  ADD KEY `fk_buoi_hlv` (`MAHLV`);

--
-- Indexes for table `checkin`
--
ALTER TABLE `checkin`
  ADD PRIMARY KEY (`MACI`),
  ADD KEY `fk_checkin_hoivien` (`MAHV`);

--
-- Indexes for table `dangky_lop`
--
ALTER TABLE `dangky_lop`
  ADD PRIMARY KEY (`MADK`),
  ADD UNIQUE KEY `uq_dangky_buoi_hv` (`MABUOI`,`MAHV`),
  ADD KEY `fk_dk_hoivien` (`MAHV`);

--
-- Indexes for table `datphong`
--
ALTER TABLE `datphong`
  ADD PRIMARY KEY (`MADP`),
  ADD KEY `fk_datphong_phong` (`MAPHONG`),
  ADD KEY `fk_datphong_hoivien` (`MAHV`);

--
-- Indexes for table `donghoadon`
--
ALTER TABLE `donghoadon`
  ADD PRIMARY KEY (`MADONG`),
  ADD KEY `fk_dong_hd` (`MAHDON`);

--
-- Indexes for table `hlv`
--
ALTER TABLE `hlv`
  ADD PRIMARY KEY (`MAHLV`);

--
-- Indexes for table `hoadon`
--
ALTER TABLE `hoadon`
  ADD PRIMARY KEY (`MAHDON`),
  ADD KEY `fk_hoadon_hoivien` (`MAHV`),
  ADD KEY `fk_hoadon_km` (`MAKM`);

--
-- Indexes for table `hoivien`
--
ALTER TABLE `hoivien`
  ADD PRIMARY KEY (`MAHV`),
  ADD UNIQUE KEY `uq_hoivien_sdt` (`SDT`),
  ADD UNIQUE KEY `uq_hoivien_email` (`EMAIL`);

--
-- Indexes for table `hopdong`
--
ALTER TABLE `hopdong`
  ADD PRIMARY KEY (`MAHD`),
  ADD KEY `fk_hopdong_hoivien` (`MAHV`),
  ADD KEY `fk_hopdong_loaigoi` (`MALG`);

--
-- Indexes for table `khu`
--
ALTER TABLE `khu`
  ADD PRIMARY KEY (`MAKHU`);

--
-- Indexes for table `khuyenmai`
--
ALTER TABLE `khuyenmai`
  ADD PRIMARY KEY (`MAKM`),
  ADD UNIQUE KEY `uq_khuyenmai_code` (`CODE`);

--
-- Indexes for table `loaigoi`
--
ALTER TABLE `loaigoi`
  ADD PRIMARY KEY (`MALG`);

--
-- Indexes for table `locker`
--
ALTER TABLE `locker`
  ADD PRIMARY KEY (`MATU`),
  ADD UNIQUE KEY `uq_locker_phong_kitu` (`MAPHONG`,`KITU`);

--
-- Indexes for table `lop`
--
ALTER TABLE `lop`
  ADD PRIMARY KEY (`MALOP`);

--
-- Indexes for table `nhanvien`
--
ALTER TABLE `nhanvien`
  ADD PRIMARY KEY (`MANV`),
  ADD UNIQUE KEY `uq_nhanvien_sdt` (`SDT`),
  ADD UNIQUE KEY `uq_nhanvien_email` (`EMAIL`);

--
-- Indexes for table `password_resets`
--
ALTER TABLE `password_resets`
  ADD PRIMARY KEY (`id`),
  ADD UNIQUE KEY `email_unique` (`email`),
  ADD UNIQUE KEY `token_unique` (`token`),
  ADD KEY `user_id_index` (`user_id`),
  ADD KEY `token_index` (`token`),
  ADD KEY `expires_at_index` (`expires_at`);

--
-- Indexes for table `phong`
--
ALTER TABLE `phong`
  ADD PRIMARY KEY (`MAPHONG`),
  ADD KEY `fk_phong_khu` (`MAKHU`);

--
-- Indexes for table `pt_session`
--
ALTER TABLE `pt_session`
  ADD PRIMARY KEY (`MAPT`),
  ADD KEY `fk_pt_hlv` (`MAHLV`),
  ADD KEY `fk_pt_hoivien` (`MAHV`),
  ADD KEY `fk_pt_phong` (`MAPHONG`);

--
-- Indexes for table `thanhtoan`
--
ALTER TABLE `thanhtoan`
  ADD PRIMARY KEY (`MATTTOAN`),
  ADD KEY `fk_thanhtoan_hoadon` (`MAHDON`);

--
-- Indexes for table `thuetu`
--
ALTER TABLE `thuetu`
  ADD PRIMARY KEY (`MATT`),
  ADD KEY `fk_thuetu_tu` (`MATU`),
  ADD KEY `fk_thuetu_hoivien` (`MAHV`);

--
-- Indexes for table `users`
--
ALTER TABLE `users`
  ADD PRIMARY KEY (`id`),
  ADD UNIQUE KEY `username` (`username`),
  ADD UNIQUE KEY `email` (`email`);

--
-- AUTO_INCREMENT for dumped tables
--

--
-- AUTO_INCREMENT for table `buoilop`
--
ALTER TABLE `buoilop`
  MODIFY `MABUOI` int(10) UNSIGNED NOT NULL AUTO_INCREMENT, AUTO_INCREMENT=64;

--
-- AUTO_INCREMENT for table `checkin`
--
ALTER TABLE `checkin`
  MODIFY `MACI` int(10) UNSIGNED NOT NULL AUTO_INCREMENT, AUTO_INCREMENT=301;

--
-- AUTO_INCREMENT for table `dangky_lop`
--
ALTER TABLE `dangky_lop`
  MODIFY `MADK` int(10) UNSIGNED NOT NULL AUTO_INCREMENT, AUTO_INCREMENT=201;

--
-- AUTO_INCREMENT for table `datphong`
--
ALTER TABLE `datphong`
  MODIFY `MADP` int(10) UNSIGNED NOT NULL AUTO_INCREMENT, AUTO_INCREMENT=151;

--
-- AUTO_INCREMENT for table `donghoadon`
--
ALTER TABLE `donghoadon`
  MODIFY `MADONG` int(10) UNSIGNED NOT NULL AUTO_INCREMENT, AUTO_INCREMENT=201;

--
-- AUTO_INCREMENT for table `hoadon`
--
ALTER TABLE `hoadon`
  MODIFY `MAHDON` int(10) UNSIGNED NOT NULL AUTO_INCREMENT, AUTO_INCREMENT=101;

--
-- AUTO_INCREMENT for table `hoivien`
--
ALTER TABLE `hoivien`
  MODIFY `MAHV` int(10) UNSIGNED NOT NULL AUTO_INCREMENT, AUTO_INCREMENT=161;

--
-- AUTO_INCREMENT for table `hopdong`
--
ALTER TABLE `hopdong`
  MODIFY `MAHD` int(10) UNSIGNED NOT NULL AUTO_INCREMENT, AUTO_INCREMENT=104;

--
-- AUTO_INCREMENT for table `khu`
--
ALTER TABLE `khu`
  MODIFY `MAKHU` int(10) UNSIGNED NOT NULL AUTO_INCREMENT, AUTO_INCREMENT=14;

--
-- AUTO_INCREMENT for table `khuyenmai`
--
ALTER TABLE `khuyenmai`
  MODIFY `MAKM` int(10) UNSIGNED NOT NULL AUTO_INCREMENT, AUTO_INCREMENT=11;

--
-- AUTO_INCREMENT for table `loaigoi`
--
ALTER TABLE `loaigoi`
  MODIFY `MALG` int(10) UNSIGNED NOT NULL AUTO_INCREMENT, AUTO_INCREMENT=4;

--
-- AUTO_INCREMENT for table `locker`
--
ALTER TABLE `locker`
  MODIFY `MATU` int(10) UNSIGNED NOT NULL AUTO_INCREMENT, AUTO_INCREMENT=72;

--
-- AUTO_INCREMENT for table `lop`
--
ALTER TABLE `lop`
  MODIFY `MALOP` int(10) UNSIGNED NOT NULL AUTO_INCREMENT, AUTO_INCREMENT=9;

--
-- AUTO_INCREMENT for table `nhanvien`
--
ALTER TABLE `nhanvien`
  MODIFY `MANV` int(10) UNSIGNED NOT NULL AUTO_INCREMENT, AUTO_INCREMENT=33;

--
-- AUTO_INCREMENT for table `password_resets`
--
ALTER TABLE `password_resets`
  MODIFY `id` int(11) NOT NULL AUTO_INCREMENT;

--
-- AUTO_INCREMENT for table `phong`
--
ALTER TABLE `phong`
  MODIFY `MAPHONG` int(10) UNSIGNED NOT NULL AUTO_INCREMENT, AUTO_INCREMENT=36;

--
-- AUTO_INCREMENT for table `pt_session`
--
ALTER TABLE `pt_session`
  MODIFY `MAPT` int(10) UNSIGNED NOT NULL AUTO_INCREMENT, AUTO_INCREMENT=151;

--
-- AUTO_INCREMENT for table `thanhtoan`
--
ALTER TABLE `thanhtoan`
  MODIFY `MATTTOAN` int(10) UNSIGNED NOT NULL AUTO_INCREMENT, AUTO_INCREMENT=121;

--
-- AUTO_INCREMENT for table `thuetu`
--
ALTER TABLE `thuetu`
  MODIFY `MATT` int(10) UNSIGNED NOT NULL AUTO_INCREMENT, AUTO_INCREMENT=81;

--
-- AUTO_INCREMENT for table `users`
--
ALTER TABLE `users`
  MODIFY `id` int(10) UNSIGNED NOT NULL AUTO_INCREMENT, AUTO_INCREMENT=3;

--
-- Constraints for dumped tables
--

--
-- Constraints for table `buoilop`
--
ALTER TABLE `buoilop`
  ADD CONSTRAINT `fk_buoi_hlv` FOREIGN KEY (`MAHLV`) REFERENCES `hlv` (`MAHLV`) ON UPDATE CASCADE,
  ADD CONSTRAINT `fk_buoi_lop` FOREIGN KEY (`MALOP`) REFERENCES `lop` (`MALOP`) ON UPDATE CASCADE,
  ADD CONSTRAINT `fk_buoi_phong` FOREIGN KEY (`MAPHONG`) REFERENCES `phong` (`MAPHONG`) ON UPDATE CASCADE;

--
-- Constraints for table `checkin`
--
ALTER TABLE `checkin`
  ADD CONSTRAINT `fk_checkin_hoivien` FOREIGN KEY (`MAHV`) REFERENCES `hoivien` (`MAHV`) ON UPDATE CASCADE;

--
-- Constraints for table `dangky_lop`
--
ALTER TABLE `dangky_lop`
  ADD CONSTRAINT `fk_dk_buoi` FOREIGN KEY (`MABUOI`) REFERENCES `buoilop` (`MABUOI`) ON UPDATE CASCADE,
  ADD CONSTRAINT `fk_dk_hoivien` FOREIGN KEY (`MAHV`) REFERENCES `hoivien` (`MAHV`) ON UPDATE CASCADE;

--
-- Constraints for table `datphong`
--
ALTER TABLE `datphong`
  ADD CONSTRAINT `fk_datphong_hoivien` FOREIGN KEY (`MAHV`) REFERENCES `hoivien` (`MAHV`) ON DELETE SET NULL ON UPDATE CASCADE,
  ADD CONSTRAINT `fk_datphong_phong` FOREIGN KEY (`MAPHONG`) REFERENCES `phong` (`MAPHONG`) ON UPDATE CASCADE;

--
-- Constraints for table `donghoadon`
--
ALTER TABLE `donghoadon`
  ADD CONSTRAINT `fk_dong_hd` FOREIGN KEY (`MAHDON`) REFERENCES `hoadon` (`MAHDON`) ON DELETE CASCADE ON UPDATE CASCADE;

--
-- Constraints for table `hlv`
--
ALTER TABLE `hlv`
  ADD CONSTRAINT `fk_hlv_nhanvien` FOREIGN KEY (`MAHLV`) REFERENCES `nhanvien` (`MANV`) ON DELETE CASCADE ON UPDATE CASCADE;

--
-- Constraints for table `hoadon`
--
ALTER TABLE `hoadon`
  ADD CONSTRAINT `fk_hoadon_hoivien` FOREIGN KEY (`MAHV`) REFERENCES `hoivien` (`MAHV`) ON UPDATE CASCADE,
  ADD CONSTRAINT `fk_hoadon_km` FOREIGN KEY (`MAKM`) REFERENCES `khuyenmai` (`MAKM`) ON DELETE SET NULL ON UPDATE CASCADE;

--
-- Constraints for table `hopdong`
--
ALTER TABLE `hopdong`
  ADD CONSTRAINT `fk_hopdong_hoivien` FOREIGN KEY (`MAHV`) REFERENCES `hoivien` (`MAHV`) ON UPDATE CASCADE,
  ADD CONSTRAINT `fk_hopdong_loaigoi` FOREIGN KEY (`MALG`) REFERENCES `loaigoi` (`MALG`) ON UPDATE CASCADE;

--
-- Constraints for table `locker`
--
ALTER TABLE `locker`
  ADD CONSTRAINT `fk_locker_phong` FOREIGN KEY (`MAPHONG`) REFERENCES `phong` (`MAPHONG`) ON UPDATE CASCADE;

--
-- Constraints for table `phong`
--
ALTER TABLE `phong`
  ADD CONSTRAINT `fk_phong_khu` FOREIGN KEY (`MAKHU`) REFERENCES `khu` (`MAKHU`) ON UPDATE CASCADE;

--
-- Constraints for table `pt_session`
--
ALTER TABLE `pt_session`
  ADD CONSTRAINT `fk_pt_hlv` FOREIGN KEY (`MAHLV`) REFERENCES `hlv` (`MAHLV`) ON UPDATE CASCADE,
  ADD CONSTRAINT `fk_pt_hoivien` FOREIGN KEY (`MAHV`) REFERENCES `hoivien` (`MAHV`) ON UPDATE CASCADE,
  ADD CONSTRAINT `fk_pt_phong` FOREIGN KEY (`MAPHONG`) REFERENCES `phong` (`MAPHONG`) ON UPDATE CASCADE;

--
-- Constraints for table `thanhtoan`
--
ALTER TABLE `thanhtoan`
  ADD CONSTRAINT `fk_thanhtoan_hoadon` FOREIGN KEY (`MAHDON`) REFERENCES `hoadon` (`MAHDON`) ON DELETE CASCADE ON UPDATE CASCADE;

--
-- Constraints for table `thuetu`
--
ALTER TABLE `thuetu`
  ADD CONSTRAINT `fk_thuetu_hoivien` FOREIGN KEY (`MAHV`) REFERENCES `hoivien` (`MAHV`) ON UPDATE CASCADE,
  ADD CONSTRAINT `fk_thuetu_tu` FOREIGN KEY (`MATU`) REFERENCES `locker` (`MATU`) ON UPDATE CASCADE;
COMMIT;

/*!40101 SET CHARACTER_SET_CLIENT=@OLD_CHARACTER_SET_CLIENT */;
/*!40101 SET CHARACTER_SET_RESULTS=@OLD_CHARACTER_SET_RESULTS */;
/*!40101 SET COLLATION_CONNECTION=@OLD_COLLATION_CONNECTION */;
